ASV,baseMean,log2FoldChange,lfcSE,stat,pvalue,padj,domain,phylum,class,order,family,genus,species,direction,significant
ASV_241,88.64114233297607,-11.980444793481093,2.859916342022641,-4.189089246228814,2.800762436297666e-5,0.0045486157061582705,Bacteria,Pseudomonadota,Gammaproteobacteria_2,NA,Unclassified family,NA,NA,Enriched at bottom,TRUE
ASV_321,67.62745610604435,-11.902972743548355,2.8053673673651316,-4.2429283529906865,2.2062188745770976e-5,0.0045486157061582705,Bacteria,Chloroflexota,Anaerolineae_2,Aggregatilineales,A4b_2,Incertae Sedis_415,NA,Enriched at bottom,TRUE
ASV_323,62.71688422997006,-11.801426196562822,2.83410623670142,-4.164073330680204,3.1261963616208045e-5,0.0045486157061582705,Bacteria,Pseudomonadota,Alphaproteobacteria_2,Kiloniellales_2,Kiloniellaceae_2,Incertae Sedis_791,NA,Enriched at bottom,TRUE
ASV_57,278.806005053706,-10.737780040737773,2.4508974221904745,-4.381162566624656,1.1804775121640856e-5,0.0045486157061582705,Archaea,Thermoproteota,Nitrososphaeria_2,Nitrosopumilales_2,Nitrosopumilaceae_2,Candidatus Nitrosopumilus_2,NA,Enriched at bottom,TRUE
ASV_406,52.65487060590496,-11.445047352719993,2.8298466589164324,-4.044405486303763,5.2456064103754356e-5,0.0059415554246876594,NA,Unclassified phylum,NA,NA,Unclassified family,NA,NA,Enriched at bottom,TRUE
ASV_327,50.23391002399674,-11.253936133045654,2.8402193845651773,-3.9623474842132915,7.421641704857682e-5,0.0059415554246876594,Bacteria,Elusimicrobiota,Lineage IIb,Incertae Sedis_85,Incertae sedis (Elusimicrobiota),Incertae Sedis_549,NA,Enriched at bottom,TRUE
ASV_372,55.78654261584088,-11.146339282215445,2.8525021176387657,-3.9075656467670297,9.323071515813352e-5,0.0059415554246876594,NA,Unclassified phylum,NA,NA,Unclassified family,NA,NA,Enriched at bottom,TRUE
ASV_449,46.07147330290164,-11.14551060106361,2.837076390479845,-3.9285197390044644,8.54703363786708e-5,0.0059415554246876594,Bacteria,Planctomycetota,Phycisphaerae,Phycisphaerales,Phycisphaeraceae,Urania-1B-19 marine sediment group,NA,Enriched at bottom,TRUE
ASV_320,50.539009220352085,-11.059296317957664,2.8407017709180242,-3.8931564133828984,9.894830868120613e-5,0.0059415554246876594,Bacteria,Nitrospirota,Nitrospiria,Nitrospirales,Nitrospiraceae,Nitrospira,NA,Enriched at bottom,TRUE
ASV_592,34.95302907640089,-10.937360614429045,2.814863878576136,-3.8855735432441487,1.0208858118020034e-4,0.0059415554246876594,NA,Unclassified phylum,NA,NA,Unclassified family,NA,NA,Enriched at bottom,TRUE
ASV_140,113.6577918307389,11.526805106638276,3.021775177957486,3.8145806447551838,1.3641438492290842e-4,0.007217561093193881,Bacteria,Pseudomonadota,Gammaproteobacteria_2,NA,Unclassified family,NA,NA,Enriched at top,TRUE
ASV_606,32.95711755051315,-10.716020238698807,2.8367827789117315,-3.777525836084555,1.583940779261338e-4,0.007682112779417489,NA,Unclassified phylum,NA,NA,Unclassified family,NA,NA,Enriched at bottom,TRUE
ASV_172,104.98262638232741,-11.448627124254305,3.046844560229379,-3.757535672706718,1.7159491087079997e-4,0.0076821721636004285,Bacteria,Planctomycetota,Planctomycetes,Planctomycetales,Rubinisphaeraceae,Fuerstia,NA,Enriched at bottom,TRUE
ASV_624,32.800453057193764,-10.547182725288767,2.8408943152615254,-3.7126276287816857,2.0511856566390253e-4,0.008522300349764667,NA,Unclassified phylum,NA,NA,Unclassified family,NA,NA,Enriched at bottom,TRUE
ASV_663,29.2708094611746,-10.359289966358464,2.8454257731586923,-3.640681849471923,2.719169738931224e-4,0.008522300349764667,Bacteria,Unclassified phylum,NA,NA,Unclassified family,NA,NA,Enriched at bottom,TRUE
ASV_747,24.816874365361652,-10.29842664398944,2.8217795409324684,-3.649621274306314,2.6262722860216175e-4,0.008522300349764667,Bacteria,Planctomycetota,Planctomycetes,Pirellulales,Pirellulaceae,NA,NA,Enriched at bottom,TRUE
ASV_124,163.6441665453269,-9.969040610442088,2.742681639295469,-3.634778629649084,2.782194272259943e-4,0.008522300349764667,Bacteria,Verrucomicrobiota,Verrucomicrobiia,Verrucomicrobiales_2,DEV007_2,Incertae Sedis_1063,NA,Enriched at bottom,TRUE
ASV_242,76.06818213600411,-8.99912270450733,2.4504803069509475,-3.6723913589432775,2.4029131584958933e-4,0.008522300349764667,Bacteria,Pseudomonadota,Gammaproteobacteria_2,NA,Unclassified family,NA,NA,Enriched at bottom,TRUE
ASV_131,152.94409555172493,-8.75077744613085,2.4047263229879285,-3.6389909997150136,2.737083641600468e-4,0.008522300349764667,Bacteria,Dadabacteria,Dadabacteriia,Dadabacteriales,Incertae sedis (Dadabacteria),CSP1-2,NA,Enriched at bottom,TRUE
ASV_573,37.95712401472818,-10.828220896248432,3.022625693578506,-3.582388953833325,3.4046635913894736e-4,0.009205310921505753,Bacteria,Planctomycetota,Planctomycetes,Pirellulales,Pirellulaceae,Pirellula,NA,Enriched at bottom,TRUE
ASV_652,28.139982878318577,-10.66678170208598,3.022780803111691,-3.5287976194322304,4.1745224517845996e-4,0.009205310921505753,Bacteria,Bacteroidota,Bacteroidia,Chitinophagales,Saprospiraceae,NA,NA,Enriched at bottom,TRUE
ASV_470,35.128613914030396,-10.656786717086076,3.022090701534393,-3.5262961206542713,4.214154916809537e-4,0.009205310921505753,Bacteria,Rhodothermota,Rhodothermia_2,Rhodothermales_2,Rhodothermaceae_2,Incertae Sedis_977,NA,Enriched at bottom,TRUE
ASV_563,34.288569778859674,-10.60383441889414,3.022288910730261,-3.508544263007598,4.5056625226830397e-4,0.009205310921505753,Bacteria,Pseudomonadota,Gammaproteobacteria_2,Nitrosococcales_2,Nitrosococcaceae_2,AqS1_2,NA,Enriched at bottom,TRUE
ASV_558,34.495519632954526,-10.585392973263692,3.0222815511822656,-3.502450977514939,4.609986072506133e-4,0.009205310921505753,NA,Unclassified phylum,NA,NA,Unclassified family,NA,NA,Enriched at bottom,TRUE
ASV_770,23.734675045256488,-10.06714780655104,2.8439522376174122,-3.5398441905568108,4.003633252272705e-4,0.009205310921505753,NA,Unclassified phylum,NA,NA,Unclassified family,NA,NA,Enriched at bottom,TRUE
ASV_180,117.52958869870977,-10.046989253049057,2.8343403170595667,-3.5447363863038572,3.930059265540015e-4,0.009205310921505753,Bacteria,Chloroflexota,Anaerolineae_2,Anaerolineales_2,Anaerolineaceae_2,NA,NA,Enriched at bottom,TRUE
ASV_138,145.18945183517377,-9.853008570906606,2.745745083278187,-3.5884644320815644,3.326313614235619e-4,0.009205310921505753,Bacteria,Pseudomonadota,Alphaproteobacteria_2,NA,Unclassified family,NA,NA,Enriched at bottom,TRUE
ASV_107,177.11961138104863,-9.787199946583542,2.7880594205398244,-3.510398621521683,4.4743538681989896e-4,0.009205310921505753,Bacteria,Acidobacteriota,Vicinamibacteria,Subgroup 9,Incertae sedis (Acidobacteriota),Incertae Sedis_116,NA,Enriched at bottom,TRUE
ASV_420,48.960904891188946,-9.04373759289334,2.5526540286231696,-3.5428763520183266,3.9578822877531065e-4,0.009205310921505753,NA,Unclassified phylum,NA,NA,Unclassified family,NA,NA,Enriched at bottom,TRUE
ASV_115,169.83562125653305,-8.011425546590516,2.2924153517052592,-3.49475305189832,4.7450056296421413e-4,0.009205310921505753,Bacteria,Pseudomonadota,Alphaproteobacteria_2,Sphingomonadales_2,Sphingomonadaceae_2,Altererythrobacter_2,NA,Enriched at bottom,TRUE
ASV_668,21.521739347759762,-9.90846361041759,2.851482709670271,-3.4748461131519006,5.111464869771513e-4,0.009285493696539188,Bacteria,Myxococcota,Polyangiia,NA,Unclassified family,NA,NA,Enriched at bottom,TRUE
ASV_986,18.352204498308215,-9.847203259529719,2.8399485533197826,-3.467387903213509,5.255428890912326e-4,0.009285493696539188,Bacteria,Planctomycetota,NA,NA,Unclassified family,NA,NA,Enriched at bottom,TRUE
ASV_260,50.86515588740902,8.767421887879946,2.534766561379382,3.458867582310557,5.424515217909491e-4,0.009285493696539188,Bacteria,Planctomycetota,Planctomycetes,Pirellulales,Pirellulaceae,NA,NA,Enriched at top,TRUE
ASV_352,58.11772340141506,-8.719876482170303,2.5193890965474455,-3.461107493923811,5.379579596158788e-4,0.009285493696539188,NA,Unclassified phylum,NA,NA,Unclassified family,NA,NA,Enriched at bottom,TRUE
ASV_380,44.65539301306061,10.363399784442118,3.022134096270856,3.429166097305203,6.054388871239682e-4,0.009709352576425023,Bacteria,Rhodothermota,Rhodothermia_2,Rhodothermales_2,Rhodothermaceae_2,Incertae Sedis_977,NA,Enriched at top,TRUE
ASV_161,118.8904301812609,-9.2969492996654175,2.71618269740013,-3.422799691848509,6.197973236443248e-4,0.009709352576425023,Bacteria,Planctomycetota,Planctomycetes,Pirellulales,Pirellulaceae,NA,NA,Enriched at bottom,TRUE
ASV_402,51.95100115823371,-8.458604227540038,2.47018671425502,-3.424277273748942,6.164369104849929e-4,0.009709352576425023,Bacteria,Bacteroidota,Bacteroidia,Flavobacteriales,Flavobacteriaceae,NA,NA,Enriched at bottom,TRUE
ASV_291,61.88359444717579,-8.400898157247395,2.4588042553348313,-3.4166600041544952,6.339439826531802e-4,0.009709352576425023,Bacteria,Verrucomicrobiota,Verrucomicrobiia,Verrucomicrobiales_2,Unclassified family,NA,NA,Enriched at bottom,TRUE
ASV_19,53.92385931594961,-10.334497936851113,3.047068291552435,-3.3916200583695626,6.94807152190033e-4,0.009802669435519907,Bacteria,Pseudomonadota,Alphaproteobacteria_2,Pelagibacterales,Clade I_2,NA,NA,Enriched at bottom,TRUE
ASV_832,23.478260496082864,-10.227491213139304,3.0232192005605603,-3.3829803711364823,7.17037569745202e-4,0.009802669435519907,NA,Unclassified phylum,NA,NA,Unclassified family,NA,NA,Enriched at bottom,TRUE
ASV_769,25.017402265588792,-10.21877766998217,3.023101376985608,-3.3802299015759467,7.242522091535327e-4,0.009802669435519907,NA,Unclassified phylum,NA,NA,Unclassified family,NA,NA,Enriched at bottom,TRUE
ASV_564,37.316243772433324,-8.661465273949512,2.5502937788870845,-3.3962617740961845,6.831299318498485e-4,0.009802669435519907,Bacteria,Unclassified phylum,NA,NA,Unclassified family,NA,NA,Enriched at bottom,TRUE
ASV_342,57.61389485516748,-8.380040751321088,2.4766392465900524,-3.3836339962952224,7.15332920924945e-4,0.009802669435519907,Bacteria,Acidobacteriota,Thermoanaerobaculia,Thermoanaerobaculales,Thermoanaerobaculaceae,NA,NA,Enriched at bottom,TRUE
ASV_37,261.72937630055816,8.055608998982075,2.392744620517124,3.366681479463982,7.607850556068407e-4,0.010063111417345028,Bacteria,Planctomycetota,Planctomycetes,Pirellulales,Pirellulaceae,Bremerella,NA,Enriched at top,TRUE
ASV_751,25.121851541219183,-10.10323227175204,3.0231726270917822,-3.3419303222095857,8.319794287453354e-4,0.010760267278439671,Bacteria,Unclassified phylum,NA,NA,Unclassified family,NA,NA,Enriched at bottom,TRUE
ASV_184,104.65171977887988,-8.87074331091391,2.660145424998917,-3.3346835956976006,8.53965064027828e-4,0.01080451450574339,Bacteria,Dadabacteria,Dadabacteriia,Dadabacteriales,Incertae sedis (Dadabacteria),CSP1-2,NA,Enriched at bottom,TRUE
ASV_572,36.48685260021582,-10.10906006301624,3.0474045596978723,-3.317268798737533,9.090211540020906e-4,0.011256389609132271,Bacteria,Unclassified phylum,NA,NA,Unclassified family,NA,NA,Enriched at bottom,TRUE
ASV_310,67.01718439351986,-9.376751912080397,2.83497837801177,-3.3075214911009345,9.4125489339872e-4,0.01141271558245948,NA,Unclassified phylum,NA,NA,Unclassified family,NA,NA,Enriched at bottom,TRUE
ASV_778,24.54853506901839,-9.903323193851747,3.022976468460709,-3.276017295263463,0.0010528211335082687,0.012014547052976714,Bacteria,Gemmatimonadota,BD2-11 terrestrial group,Incertae Sedis_95,Incertae sedis (Gemmatimonadota),Incertae Sedis_571,NA,Enriched at bottom,TRUE
ASV_200,83.57233266281894,-8.992409931898376,2.737107857841113,-3.2853692287417258,0.0010184880825657228,0.012014547052976714,Bacteria,Planctomycetota,OM190,Incertae Sedis_134,Incertae sedis (Planctomycetota),Incertae Sedis_714,NA,Enriched at bottom,TRUE
ASV_664,29.57012910948817,-8.403129031474199,2.563548925478161,-3.277928089438286,0.0010457203200530897,0.012014547052976714,Bacteria,Bacteroidota,Bacteroidia,Cytophagales,Cyclobacteriaceae,Ekhidna,NA,Enriched at bottom,TRUE
ASV_118,152.16232009051555,-8.94948080936772,2.7384539368093113,-3.268077906687428,0.0010828055541277101,0.012119092932737063,Archaea,Thermoproteota,Nitrososphaeria_2,Nitrosopumilales_2,Nitrosopumilaceae_2,NA,NA,Enriched at bottom,TRUE
ASV_784,23.57134158201418,-9.819354256491769,3.0233118229039646,-3.2478800837222406,0.001162682606050637,0.01272919180469257,NA,Unclassified phylum,NA,NA,Unclassified family,NA,NA,Enriched at bottom,TRUE
ASV_337,61.41460621290683,-9.2207881832987,2.842925500318393,-3.243415341790004,0.0011810590334250838,0.01272919180469257,Bacteria,Planctomycetota,NA,NA,Unclassified family,NA,NA,Enriched at bottom,TRUE
ASV_368,42.415220963781486,9.762680198715344,3.0236558104257822,3.2287670326274975,0.001243251286204932,0.012822297617704597,Bacteria,Pseudomonadota,Gammaproteobacteria_2,Pseudomonadales_2,Pseudohongiellaceae_2,Pseudohongiella_2,NA,Enriched at top,TRUE
ASV_789,23.349693990937034,-9.754265938191006,3.0237389804648855,-3.2258954893954948,0.001255792034723646,0.012822297617704597,NA,Unclassified phylum,NA,NA,Unclassified family,NA,NA,Enriched at bottom,TRUE
ASV_298,67.88098324598684,-9.089125200009265,2.8097369785837523,-3.234866917895866,0.0012169944061878022,0.012822297617704597,Bacteria,Pseudomonadota,Alphaproteobacteria_2,Sphingomonadales_2,Sphingomonadaceae_2,NA,NA,Enriched at bottom,TRUE
ASV_70,151.92928275066802,9.112962161497936,2.841072923542354,3.2075777027699663,0.0013385789462677655,0.012984215778797324,Bacteria,Planctomycetota,Planctomycetes,Planctomycetales,Unclassified family,NA,NA,Enriched at top,TRUE
ASV_234,77.93905693717844,-8.831216032439848,2.747630484464762,-3.214120705958089,0.0013084465618080122,0.012984215778797324,NA,Unclassified phylum,NA,NA,Unclassified family,NA,NA,Enriched at bottom,TRUE
ASV_401,49.00334356305894,-8.571892678545185,2.670414399471322,-3.209948493478096,0.0013275875882956573,0.012984215778797324,NA,Unclassified phylum,NA,NA,Unclassified family,NA,NA,Enriched at bottom,TRUE
ASV_300,63.79858151891462,-9.107449355350864,2.8470259112795673,-3.1989344808096996,0.0013793651297153138,0.0131605000900707,Bacteria,Bacteroidota,Bacteroidia,Chitinophagales,Saprospiraceae,NA,NA,Enriched at bottom,TRUE
ASV_613,33.394597900511634,-7.815415308162997,2.4613671905539274,-3.1752333979897363,0.0014971602642537833,0.01405398828702745,Bacteria,Bacteroidota,Bacteroidia,Flavobacteriales,Unclassified family,NA,NA,Enriched at bottom,TRUE
ASV_17,57.05449809576302,-8.92800514610555,2.827712733210638,-3.1573239534726447,0.001592243475352366,0.014709296867540904,Bacteria,Pseudomonadota,Alphaproteobacteria_2,Pelagibacterales,Clade II_2,Incertae Sedis_803,NA,Enriched at bottom,TRUE
ASV_186,86.58256972455794,-8.551996437533656,2.7372143903202892,-3.1243429333764983,0.0017820263280481714,0.01596534227960185,Bacteria,Pseudomonadota,Gammaproteobacteria_2,UBA10353 marine group_2,Incertae sedis (Pseudomonadota),Incertae Sedis_971,NA,Enriched at bottom,TRUE
ASV_195,31.109166457658795,-7.662888295540601,2.452775299211544,-3.1241705255283154,0.0017830708731514093,0.01596534227960185,Bacteria,Cyanobacteriota,Cyanobacteriia_2,Synechococcales_2,Cyanobiaceae_2,Synechococcus CC9902_2,NA,Enriched at bottom,TRUE
ASV_276,71.16274911073187,-8.288429023872428,2.707032738441063,-3.061813367150337,0.0022000057663857,0.019400050849037533,Bacteria,Pseudomonadota,Alphaproteobacteria_2,Sphingomonadales_2,Sphingomonadaceae_2,NA,NA,Enriched at bottom,TRUE
ASV_216,76.75246294965692,-8.23287480932629,2.7278983149101297,-3.0180284816069185,0.0025442499142377967,0.022100797762483547,Bacteria,Acidobacteriota,Thermoanaerobaculia,Thermoanaerobaculales,Thermoanaerobaculaceae,Subgroup 10,NA,Enriched at bottom,TRUE
ASV_289,62.08456202409518,-8.870126927145797,2.968543334244335,-2.9880402367121772,0.00280772587368039,0.024030830271793924,Bacteria,Bacteroidota,Bacteroidia,Cytophagales,Cyclobacteriaceae,Ekhidna,NA,Enriched at bottom,TRUE
ASV_475,43.75592987777059,-8.407290214373614,2.827871839526431,-2.973009631080572,0.0029489519792137097,0.02417309932256872,NA,Unclassified phylum,NA,NA,Unclassified family,NA,NA,Enriched at bottom,TRUE
ASV_639,27.34470879980104,7.650852340825763,2.5717583135123636,2.9749499790190845,0.002930363267055996,0.02417309932256872,NA,Unclassified phylum,NA,NA,Unclassified family,NA,NA,Enriched at top,TRUE
ASV_268,69.47566754360142,-7.323303283982703,2.4610238611423325,-2.975714051217467,0.002923072776586816,0.02417309932256872,Bacteria,Pseudomonadota,Gammaproteobacteria_2,EPR3968-O8a-Bc78_2,Incertae sedis (Pseudomonadota),Incertae Sedis_900,NA,Enriched at bottom,TRUE
ASV_384,52.58581535667115,-7.0559725923542604,2.385018332591381,-2.9584563338294227,0.0030918404271640387,0.024992376786242648,NA,Unclassified phylum,NA,NA,Unclassified family,NA,NA,Enriched at bottom,TRUE
ASV_559,34.90179289371174,8.980687064660863,3.047323516354731,2.947073724355903,0.0032079671047097035,0.025200474249516425,Bacteria,Verrucomicrobiota,Verrucomicrobiia,Verrucomicrobiales_2,DEV007_2,Incertae Sedis_1063,NA,Enriched at top,TRUE
ASV_445,39.520215544803975,-8.000414157571477,2.718191327384716,-2.9432858816708114,0.0032474837950407765,0.025200474249516425,Bacteria,Unclassified phylum,NA,NA,Unclassified family,NA,NA,Enriched at bottom,TRUE
ASV_205,85.33367414229373,-6.749596433810353,2.291603494032783,-2.9453596363358465,0.003225794737815777,0.025200474249516425,Bacteria,Pseudomonadota,Alphaproteobacteria_2,Hyphomicrobiales,Hyphomicrobiaceae_2,Incertae Sedis_777,NA,Enriched at bottom,TRUE
ASV_292,55.95689599957336,-7.953754629982148,2.7108052884557314,-2.9340929294531426,0.00334524034756229,0.025617498451069115,Bacteria,Acidobacteriota,Subgroup 22,Incertae Sedis_29,Incertae sedis (Acidobacteriota),Incertae Sedis_110,NA,Enriched at bottom,TRUE
ASV_581,37.09255565715588,-8.261162933112452,2.8296848699570694,-2.9194639377768543,0.0035063396051932534,0.02650246298990225,NA,Unclassified phylum,NA,NA,Unclassified family,NA,NA,Enriched at bottom,TRUE
ASV_236,86.14684543143895,-8.785635998320675,3.0231419632704792,-2.9061275008125143,0.0036593230712196048,0.026842972020530452,NA,Unclassified phylum,NA,NA,Unclassified family,NA,NA,Enriched at bottom,TRUE
ASV_591,34.07213027628393,-7.825164243390287,2.6908751779011375,-2.908036875011741,0.003637054480926618,0.026842972020530452,Bacteria,NB1-j,Incertae Sedis_36,Incertae Sedis_110,Incertae sedis (NB1-j),Incertae Sedis_623,NA,Enriched at bottom,TRUE
ASV_1,74.96146993793546,7.777895612923683,2.6787675147559136,2.903535140723997,0.0036897556041966253,0.026842972020530452,Bacteria,Pseudomonadota,Gammaproteobacteria_2,Enterobacterales_2,Vibrionaceae_2,NA,NA,Enriched at top,TRUE
ASV_458,34.918275435138845,-8.192909851703368,2.840544814950806,-2.88427410424266,0.003923171110933762,0.02818871094522777,Bacteria,Planctomycetota,Planctomycetes,Pirellulales,Pirellulaceae,Mariniblastus,NA,Enriched at bottom,TRUE
ASV_283,68.82512125146602,-7.819140383881401,2.7256395400887943,-2.868736041166571,0.004121155677363795,0.02904101786807253,Bacteria,Pseudomonadota,Gammaproteobacteria_2,NA,Unclassified family,NA,NA,Enriched at bottom,TRUE
ASV_312,56.46165661616528,-7.794840193320319,2.718651773662265,-2.867171245995944,0.004141588458848831,0.02904101786807253,Bacteria,Planctomycetota,Planctomycetes,Planctomycetales,Gimesiaceae,Incertae Sedis_743,NA,Enriched at bottom,TRUE
ASV_270,22.43837051561231,-8.696799021019737,3.047644608849907,-2.8536132447220144,0.004322511889424136,0.029596493172292317,NA,Unclassified phylum,NA,NA,Unclassified family,NA,NA,Enriched at bottom,TRUE
ASV_496,27.358366868608854,-7.060397889122454,2.4731989315576905,-2.8547634397834774,0.00430688957474377,0.029596493172292317,NA,Unclassified phylum,NA,NA,Unclassified family,NA,NA,Enriched at bottom,TRUE
ASV_672,29.968262229068042,-8.070392247991762,2.8571991017807763,-2.824581683146202,0.004734237945596853,0.03203868005043452,NA,Unclassified phylum,NA,NA,Unclassified family,NA,NA,Enriched at bottom,TRUE
ASV_570,28.93903703871522,-8.003353711584719,2.8504754920535094,-2.807725845704089,0.004989268151283965,0.03337648349479618,Bacteria,Planctomycetota,Planctomycetes,Pirellulales,Pirellulaceae,NA,NA,Enriched at bottom,TRUE
ASV_535,25.492423023190582,-8.531934649413813,3.047530080284765,-2.7996227845654533,0.005116235476485526,0.033456730868703106,Bacteria,Planctomycetota,OM190,Incertae Sedis_134,Incertae sedis (Planctomycetota),Incertae Sedis_714,NA,Enriched at bottom,TRUE
ASV_711,26.156488612189104,-8.025213318463612,2.8650934765976377,-2.8010301876760164,0.005093975361369286,0.033456730868703106,NA,Unclassified phylum,NA,NA,Unclassified family,NA,NA,Enriched at bottom,TRUE
ASV_494,39.28957899167877,-7.477734803066982,2.6835137663843347,-2.78654609368455,0.005327304111711315,0.034449899922399836,Bacteria,Acidobacteriota,Vicinamibacteria,Subgroup 17,Incertae sedis (Acidobacteriota),Incertae Sedis_115,NA,Enriched at bottom,TRUE
ASV_583,34.445163592275826,-7.527919423866795,2.7073654597569567,-2.7805331551147825,0.005426971771350258,0.034708764515668684,Bacteria,Planctomycetota,Planctomycetes,Pirellulales,Pirellulaceae,NA,NA,Enriched at bottom,TRUE
ASV_790,24.89861957726953,-7.896249432717222,2.857589739320006,-2.763255104141093,0.005722801926723994,0.036202942623406134,Bacteria,Planctomycetota,Planctomycetes,Pirellulales,Pirellulaceae,Mariniblastus,NA,Enriched at bottom,TRUE
ASV_485,39.39425011859929,-7.327095679917662,2.6596078873174003,-2.7549533579207792,0.005870050291455063,0.036735153436847814,NA,Unclassified phylum,NA,NA,Unclassified family,NA,NA,Enriched at bottom,TRUE
ASV_695,27.15809980868066,-7.409797790950428,2.7122264378974545,-2.731998216452229,0.006295148176057444,0.03897634296239822,Bacteria,Planctomycetota,Planctomycetes,Pirellulales,Pirellulaceae,NA,NA,Enriched at bottom,TRUE
ASV_951,17.794011758451255,-6.829623122080493,2.504275681810037,-2.7271850186814044,0.006387721093825151,0.03913319659585514,Bacteria,Unclassified phylum,NA,NA,Unclassified family,NA,NA,Enriched at bottom,TRUE
ASV_626,26.177400887813466,-7.399872641348303,2.7172723196070576,-2.7232723742677334,0.006463874192314124,0.03918723729090438,NA,Unclassified phylum,NA,NA,Unclassified family,NA,NA,Enriched at bottom,TRUE
ASV_752,23.914835569245344,-7.797184280325688,2.875782703680666,-2.711325953225257,0.006701471261727676,0.040208827570366056,NA,Unclassified phylum,NA,NA,Unclassified family,NA,NA,Enriched at bottom,TRUE
ASV_397,56.933973562259695,-8.179234899817832,3.0290244340072996,-2.700286867279236,0.006927971070565336,0.04114366492927577,NA,Unclassified phylum,NA,NA,Unclassified family,NA,NA,Enriched at bottom,TRUE
ASV_350,59.513617379801836,-7.229309192888708,2.6816358032165004,-2.6958579476815907,0.007020760003158671,0.041273558806447945,Bacteria,Bacteroidota,Bacteroidia,Cytophagales,Cyclobacteriaceae,Incertae Sedis_333,NA,Enriched at bottom,TRUE
ASV_398,52.57000558333181,-7.249598148783784,2.7027059311383765,-2.682348110928318,0.007310734167501849,0.04254847285486076,NA,Unclassified phylum,NA,NA,Unclassified family,NA,NA,Enriched at bottom,TRUE
ASV_698,21.268234485640946,-7.682060510248631,2.8746858156236583,-2.672313081484357,0.007533032909632947,0.04340816983570669,Bacteria,Unclassified phylum,NA,NA,Unclassified family,NA,NA,Enriched at bottom,TRUE
ASV_632,32.215146375228215,-7.27574850879455,2.729258267922245,-2.66583364216883,0.0076797685077118335,0.04381985560282634,NA,Unclassified phylum,NA,NA,Unclassified family,NA,NA,Enriched at bottom,TRUE
ASV_96,178.8551406252811,-5.357191964626249,2.020699449677278,-2.651157234432778,0.008021648806381999,0.04532620976033323,Bacteria,Bacteroidota,Bacteroidia,Chitinophagales,Saprospiraceae,NA,NA,Enriched at bottom,TRUE
ASV_942,19.21305267961992,-7.5856443931815605,2.8857517028322577,-2.628654567105179,0.008572338856251405,0.04797212706094536,Bacteria,Pseudomonadota,Alphaproteobacteria_2,NA,Unclassified family,NA,NA,Enriched at bottom,TRUE
ASV_727,23.67344759385921,-7.463582889844599,2.852776147852813,-2.6162525564658066,0.008890077400771844,0.04927642902142108,Bacteria,Pseudomonadota,Gammaproteobacteria_2,NA,Unclassified family,NA,NA,Enriched at bottom,TRUE
ASV_8,19.054539932452606,-7.521598486523295,2.8843931534189178,-2.6076883720264776,0.009115589942263198,0.04958199389156245,Bacteria,Pseudomonadota,Alphaproteobacteria_2,Rhodobacterales_2,Paracoccaceae,NA,NA,Enriched at bottom,TRUE
ASV_761,23.99097561738647,-7.04114440195632,2.697449403021122,-2.610297117740297,0.009046361379238666,0.04958199389156245,NA,Unclassified phylum,NA,NA,Unclassified family,NA,NA,Enriched at bottom,TRUE
ASV_594,30.7440519475652,-6.232918522175827,2.397081740092194,-2.6002110891454633,0.009316643186075446,0.05020635494718435,Bacteria,Actinomycetota,Acidimicrobiia_2,Microtrichales_2,Ilumatobacteraceae_2,Incertae Sedis_122,NA,Not significant,FALSE
ASV_151,106.67911023951156,-6.958257730445002,2.6864350666332033,-2.590145511748957,0.009593537073471244,0.051224207126240956,Bacteria,Verrucomicrobiota,Verrucomicrobiia,Verrucomicrobiales_2,DEV007_2,Incertae Sedis_1063,NA,Not significant,FALSE
ASV_203,75.30458988497021,7.048112956580431,2.731729269745547,2.580092044493466,0.009877398415182183,0.05226041706941846,Bacteria,Planctomycetota,Planctomycetes,Pirellulales,Pirellulaceae,NA,NA,Not significant,FALSE
ASV_1006,17.182715922588688,-7.4300609630432275,2.897115890002982,-2.56464057536738,0.010328273205551151,0.05233409290307383,Bacteria,Acidobacteriota,NA,NA,Unclassified family,NA,NA,Not significant,FALSE
ASV_974,18.69986220289504,-7.3858035356460565,2.8824568919368168,-2.562329225566768,0.01039727064760426,0.05233409290307383,Bacteria,Chloroflexota,Anaerolineae_2,Anaerolineales_2,Anaerolineaceae_2,NA,NA,Not significant,FALSE
ASV_677,23.62125926125459,-7.011934126534443,2.7298905884755986,-2.5685769811199592,0.010211702816902816,0.05233409290307383,Bacteria,Acidobacteriota,Subgroup 22,Incertae Sedis_29,Incertae sedis (Acidobacteriota),Incertae Sedis_110,NA,Not significant,FALSE
ASV_187,60.487967515068156,6.732556594800063,2.6271793718343206,2.5626558532618695,0.010387495476206732,0.05233409290307383,Bacteria,Unclassified phylum,NA,NA,Unclassified family,NA,NA,Not significant,FALSE
ASV_467,34.05818697332012,-5.982992900573502,2.3283095840720724,-2.5696724101910924,0.010179472436847347,0.05233409290307383,NA,Unclassified phylum,NA,NA,Unclassified family,NA,NA,Not significant,FALSE
ASV_58,241.39255481927154,-5.592827009613333,2.183666542907739,-2.5612092779358178,0.01043085013188413,0.05233409290307383,Bacteria,Acidobacteriota,Vicinamibacteria,Vicinamibacterales,Incertae sedis (Acidobacteriota),Incertae Sedis_117,NA,Not significant,FALSE
ASV_231,45.90817987311848,7.680361869686117,3.028712838678398,2.535850137921132,0.01121747269082323,0.05567096389909453,Bacteria,Pseudomonadota,Gammaproteobacteria_2,NA,Unclassified family,NA,NA,Not significant,FALSE
ASV_197,63.338445642787136,6.8210759649292045,2.692163720741103,2.533677990078363,0.011287240103252843,0.05567096389909453,Bacteria,Planctomycetota,Planctomycetes,Pirellulales,Pirellulaceae,NA,NA,Not significant,FALSE
ASV_111,105.04539988595907,-6.168659768674169,2.437532605545116,-2.530698360563938,0.0113835697779221,0.05567426563656019,NA,Unclassified phylum,NA,NA,Unclassified family,NA,NA,Not significant,FALSE
ASV_1053,16.83459641455607,-7.245508112678427,2.89316555178147,-2.5043530980164603,0.012267553684959237,0.05900591937724196,NA,Unclassified phylum,NA,NA,Unclassified family,NA,NA,Not significant,FALSE
ASV_437,38.005072031693985,-5.869687680621526,2.3412023931580506,-2.5071252693808748,0.012171756616158002,0.05900591937724196,NA,Unclassified phylum,NA,NA,Unclassified family,NA,NA,Not significant,FALSE
ASV_708,23.84878120535309,-6.646937833076688,2.660395149221058,-2.4984776547284175,0.01247280056671922,0.059501392867463816,Bacteria,Pseudomonadota,Alphaproteobacteria_2,Rhodospirillales_2,Magnetospiraceae_2,Incertae Sedis_814,NA,Not significant,FALSE
ASV_603,35.355811407979374,-7.472627065523701,3.000794100266331,-2.490216527971872,0.012766529121615713,0.059920322167583424,Bacteria,Planctomycetota,Planctomycetes,Pirellulales,Pirellulaceae,NA,NA,Not significant,FALSE
ASV_970,18.274226239382134,-7.1861124624120665,2.885241398950647,-2.4906451380552186,0.012751140422303306,0.059920322167583424,NA,Unclassified phylum,NA,NA,Unclassified family,NA,NA,Not significant,FALSE
ASV_433,41.67122140886818,-7.519443485354568,3.0319601437557053,-2.4800601356323217,0.013136022641444024,0.06110622976480193,Bacteria,Pseudomonadota,Gammaproteobacteria_2,Ga0077536_2,Incertae sedis (Pseudomonadota),Incertae Sedis_906,NA,Not significant,FALSE
ASV_235,46.33477602956742,7.503975786660048,3.029550294407166,2.4769272853839364,0.013251889725343082,0.06110622976480193,NA,Unclassified phylum,NA,NA,Unclassified family,NA,NA,Not significant,FALSE
ASV_224,60.49259638095182,7.458922137235538,3.020869398658041,2.469130953012735,0.013544164329311768,0.06110622976480193,Bacteria,Acidobacteriota,Vicinamibacteria,Subgroup 9,Incertae sedis (Acidobacteriota),Incertae Sedis_116,NA,Not significant,FALSE
ASV_244,57.90137012289477,-6.656828639682178,2.690199695782718,-2.4744737909671657,0.013343261072088445,0.06110622976480193,Bacteria,Planctomycetota,OM190,Incertae Sedis_134,Incertae sedis (Planctomycetota),Incertae Sedis_714,NA,Not significant,FALSE
ASV_469,43.834788417112236,-5.718983388459591,2.3143097944222393,-2.471139949475657,0.013468309942784064,0.06110622976480193,Bacteria,Planctomycetota,Planctomycetes,NA,Unclassified family,NA,NA,Not significant,FALSE
ASV_586,30.251617946304258,6.467864516480799,2.6228749293778706,2.465944694516919,0.01366524317688035,0.06117824253034126,NA,Unclassified phylum,NA,NA,Unclassified family,NA,NA,Not significant,FALSE
ASV_717,25.115695462269805,-6.694578244339459,2.733183479155793,-2.449370229036813,0.014310626734291204,0.06357850961341588,NA,Unclassified phylum,NA,NA,Unclassified family,NA,NA,Not significant,FALSE
ASV_273,44.61497179050511,6.624799248414389,2.708551291468797,2.445882885541327,0.01444979292613151,0.06371045062885257,Bacteria,Actinomycetota,Acidimicrobiia_2,Actinomarinales_2,Incertae sedis (Actinomycetota),Incertae Sedis_120,NA,Not significant,FALSE
ASV_297,44.77262510355835,7.379837153270197,3.0238476666415237,2.44054528099516,0.014665107321150764,0.06417362752563717,Bacteria,Patescibacteria,Gracilibacteria,Incertae Sedis_123,Incertae sedis (Patescibacteria),Incertae Sedis_649,NA,Not significant,FALSE
ASV_700,24.568468678385916,-7.272272464926676,3.0311122887224515,-2.399209191947086,0.016430525028644918,0.07136242960202493,Bacteria,Cyanobacteriota,Vampirivibrionia_2,Obscuribacterales_2,Obscuribacteraceae_2,Incertae Sedis_528,NA,Not significant,FALSE
ASV_347,47.74750482202443,7.176074537077561,2.996480761511423,2.394834176561826,0.016627883409906213,0.07168465292270677,NA,Unclassified phylum,NA,NA,Unclassified family,NA,NA,Not significant,FALSE
ASV_407,26.62031339279411,-7.186557855539905,3.029990914311633,-2.3718083845055293,0.017701268029312503,0.07519808754058305,NA,Unclassified phylum,NA,NA,Unclassified family,NA,NA,Not significant,FALSE
ASV_521,31.363932803579207,6.321622010354277,2.6640079468241855,2.372974156436133,0.017645498509106308,0.07519808754058305,Bacteria,Pseudomonadota,Gammaproteobacteria_2,NA,Unclassified family,NA,NA,Not significant,FALSE
ASV_847,19.93110592124737,-7.04624965200036,3.02954166921987,-2.32584675219695,0.02002672751639593,0.08446054648219153,NA,Unclassified phylum,NA,NA,Unclassified family,NA,NA,Not significant,FALSE
ASV_457,39.98620919705247,-6.977106271230671,3.0144514072917907,-2.314552576416869,0.020637430763466847,0.08518428868324614,NA,Unclassified phylum,NA,NA,Unclassified family,NA,NA,Not significant,FALSE
ASV_335,39.37162538422777,6.884771243199593,2.9697564512759014,2.318294902681894,0.020433299258681058,0.08518428868324614,NA,Unclassified phylum,NA,NA,Unclassified family,NA,NA,Not significant,FALSE
ASV_642,29.248566650797045,-6.86573856735963,2.9647584723093376,-2.3157834378365747,0.020570095975198953,0.08518428868324614,Bacteria,Bacteroidota,Bacteroidia,Cytophagales,Cyclobacteriaceae,Ekhidna,NA,Not significant,FALSE
ASV_688,23.183889875352545,-6.964995449952792,3.021996285684241,-2.304766383382823,0.021179660773587048,0.08680677866357508,Bacteria,Planctomycetota,OM190,Incertae Sedis_134,Incertae sedis (Planctomycetota),Incertae Sedis_714,NA,Not significant,FALSE
ASV_856,22.54174142623229,-6.95066181708681,3.030854665298795,-2.2933009281728736,0.021830685838882813,0.08762385626365377,Bacteria,Dadabacteria,Dadabacteriia,Dadabacteriales,Incertae sedis (Dadabacteria),CSP1-2,NA,Not significant,FALSE
ASV_638,25.84255705931328,-6.27741119909152,2.733589955287432,-2.2963982534942633,0.021653120748346803,0.08762385626365377,Bacteria,Planctomycetota,Planctomycetes,Pirellulales,Pirellulaceae,NA,NA,Not significant,FALSE
ASV_868,19.92850116676651,-6.120639041369693,2.666940455042101,-2.2950040109812164,0.02173289443383818,0.08762385626365377,Bacteria,Thermodesulfobacteriota,Incertae Sedis_50,Incertae Sedis_156,Incertae sedis (Thermodesulfobacteriota),Incertae Sedis_1019,NA,Not significant,FALSE
ASV_605,31.74617435020284,6.893253746300956,3.029159657198145,2.275632362236379,0.022868022701371452,0.08990618412304745,Bacteria,Acidobacteriota,Subgroup 26,Incertae Sedis_31,Incertae sedis (Acidobacteriota),Incertae Sedis_112,NA,Not significant,FALSE
ASV_41,22.179983771798042,-6.890459310708323,3.0285420385504622,-2.2751737380559107,0.022895509621488088,0.08990618412304745,Bacteria,Cyanobacteriota,Cyanobacteriia_2,Synechococcales_2,Cyanobiaceae_2,Synechococcus CC9902_2,NA,Not significant,FALSE
ASV_767,23.965832874280707,-6.17582691537921,2.7168600299741774,-2.2731487258244614,0.02301721895933689,0.08990618412304745,Bacteria,Unclassified phylum,NA,NA,Unclassified family,NA,NA,Not significant,FALSE
ASV_629,28.10158812575901,-6.146109578871698,2.6987431562333146,-2.2773970041113274,0.02276252884858993,0.08990618412304745,Bacteria,Pseudomonadota,Alphaproteobacteria_2,Caulobacterales_2,Parvularculaceae_2,NA,NA,Not significant,FALSE
ASV_821,22.584275153565486,-6.805356003626385,3.0013831438271437,-2.267406618053,0.023365397581461504,0.09005736021463971,Bacteria,Myxococcota,Polyangiia,Polyangiales_2,Sandaracinaceae_2,Incertae Sedis_618,NA,Not significant,FALSE
ASV_918,19.253163520365455,-6.04355105436637,2.6653813457325692,-2.267424533469647,0.023364304190809298,0.09005736021463971,NA,Unclassified phylum,NA,NA,Unclassified family,NA,NA,Not significant,FALSE
ASV_423,36.75023662388817,6.128986019676066,2.7094275811103077,2.262096268011136,0.023691456136840157,0.09071333862921692,NA,Unclassified phylum,NA,NA,Unclassified family,NA,NA,Not significant,FALSE
ASV_665,24.036461767491197,-6.1041539482529075,2.7159056944364006,-2.24755740258486,0.024604426397321983,0.0935933082564797,Bacteria,Pseudomonadota,Alphaproteobacteria_2,Kiloniellales_2,Kiloniellaceae_2,Incertae Sedis_791,NA,Not significant,FALSE
ASV_525,29.181060460470196,6.777057483378842,3.0245042642181557,2.240716789047323,0.025044425888044345,0.094648414719752,Bacteria,Acidobacteriota,AT-s3-28,Incertae Sedis_17,Incertae sedis (Acidobacteriota),Incertae Sedis_91,NA,Not significant,FALSE
ASV_253,37.770025700135974,6.691373007382611,3.016252360030305,2.2184393773057445,0.026524888748593684,0.09959667904310661,Bacteria,Planctomycetota,Planctomycetes,Pirellulales,Pirellulaceae,NA,NA,Not significant,FALSE
ASV_209,47.243550006553235,6.651045535966339,3.0130996538370454,2.2073765557327434,0.02728776287281868,0.10051812475778153,Bacteria,Actinomycetota,Acidimicrobiia_2,Microtrichales_2,Microtrichaceae_2,Sva0996 marine group_2,NA,Not significant,FALSE
ASV_545,27.277772692762113,6.631850997177121,2.9995511686167946,2.210947779975801,0.02703945343322571,0.10051812475778153,NA,Unclassified phylum,NA,NA,Unclassified family,NA,NA,Not significant,FALSE
ASV_571,32.74873783432726,-6.515713285866529,2.9518032588703687,-2.2073670615703707,0.02728842562152832,0.10051812475778153,Bacteria,Planctomycetota,Planctomycetes,Planctomycetales,Rubinisphaeraceae,Incertae Sedis_745,NA,Not significant,FALSE
ASV_462,24.34215767671888,6.649464278580352,3.027457146591614,2.1963859293818517,0.028064331913469794,0.1014499451778846,Bacteria,Gemmatimonadota,PAUC43f marine benthic group,Incertae Sedis_97,Incertae sedis (Gemmatimonadota),Incertae Sedis_575,NA,Not significant,FALSE
ASV_491,30.20674907124581,6.638104388886059,3.017976451089051,2.199521598815215,0.02784085506823848,0.1014499451778846,Bacteria,Planctomycetota,Planctomycetes,Pirellulales,Pirellulaceae,Incertae Sedis_742,NA,Not significant,FALSE
ASV_795,19.287693193114627,-5.775793331195885,2.627316304222542,-2.1983623829050227,0.027923292123744857,0.1014499451778846,NA,Unclassified phylum,NA,NA,Unclassified family,NA,NA,Not significant,FALSE
ASV_390,46.41805327620581,-6.600681201301687,3.014460573594712,-2.189672427339279,0.028548002138083894,0.1025613410145977,Bacteria,Planctomycetota,Planctomycetes,Planctomycetales,Rubinisphaeraceae,Fuerstia,NA,Not significant,FALSE
ASV_178,90.56290668491445,5.793499705495244,2.6490330225105736,2.187024342944792,0.02874074697286744,0.1026203358172322,NA,Unclassified phylum,NA,NA,Unclassified family,NA,NA,Not significant,FALSE
ASV_969,18.303506347981735,-6.570000209062007,3.0347200855888734,-2.164944384907621,0.030391944598164303,0.10785433997641235,Bacteria,Bacteroidota,Bacteroidia,NA,Unclassified family,NA,NA,Not significant,FALSE
ASV_745,23.394568492753173,6.509676749384644,3.030037394963506,2.148381653706636,0.03168344901524942,0.11175616561742524,Bacteria,Planctomycetota,Planctomycetes,Pirellulales,Pirellulaceae,Bythopirellula,NA,Not significant,FALSE
ASV_144,119.46561651385247,-6.155517818653437,2.8906375901263472,-2.1294671596602273,0.033215629136285965,0.11573011691550265,Bacteria,Chloroflexota,Anaerolineae_2,Ardenticatenales_2,Incertae sedis (Chloroflexota),Incertae Sedis_420,NA,Not significant,FALSE
ASV_450,33.26324000157855,5.796241324310292,2.7248707596799933,2.127161922714822,0.03340663168694922,0.11573011691550265,Bacteria,Planctomycetota,Planctomycetes,Pirellulales,Pirellulaceae,Bremerella,NA,Not significant,FALSE
ASV_961,16.69509445205494,-5.697580551643606,2.6725306712860153,-2.1319046448593024,0.033014686304768524,0.11573011691550265,NA,Unclassified phylum,NA,NA,Unclassified family,NA,NA,Not significant,FALSE
ASV_748,25.06422715689695,-5.838326859894571,2.752916825553334,-2.1207785159731705,0.03394044547593134,0.11688366430172804,NA,Unclassified phylum,NA,NA,Unclassified family,NA,NA,Not significant,FALSE
ASV_550,25.00080028321134,6.390677061647807,3.0260735279595865,2.111871044308992,0.034697511582746095,0.11809328503601302,NA,Unclassified phylum,NA,NA,Unclassified family,NA,NA,Not significant,FALSE
ASV_867,22.182469252528154,-6.31038847687841,2.9879982390550985,-2.111911712128036,0.034694022624678356,0.11809328503601302,NA,Unclassified phylum,NA,NA,Unclassified family,NA,NA,Not significant,FALSE
ASV_1019,17.989022600201942,-6.291250022082076,3.004705772145711,-2.093799026980731,0.03627788689264773,0.12275424518326149,NA,Unclassified phylum,NA,NA,Unclassified family,NA,NA,Not significant,FALSE
ASV_422,42.27705602416834,4.735116589378497,2.269660642502673,2.086266334581744,0.03695450439250547,0.12432093385224384,NA,Unclassified phylum,NA,NA,Unclassified family,NA,NA,Not significant,FALSE
ASV_619,24.39268803049982,5.5586940546039,2.674858726340695,2.0781262202241226,0.037697735241750734,0.12609242477413177,Bacteria,Pseudomonadota,Gammaproteobacteria_2,Nitrosococcales_2,Nitrosococcaceae_2,NA,NA,Not significant,FALSE
ASV_630,20.790293969878544,6.25417158560446,3.0253489220059158,2.06725628905565,0.03871001069865457,0.12873843558066833,Bacteria,Planctomycetota,Planctomycetes,Pirellulales,Pirellulaceae,NA,NA,Not significant,FALSE
ASV_895,16.76997243168757,-6.1910170069654695,2.999584404588135,-2.063958259516135,0.03902167413688533,0.12903758152083672,NA,Unclassified phylum,NA,NA,Unclassified family,NA,NA,Not significant,FALSE
ASV_694,23.914698479397494,-5.479447329649953,2.678392943357887,-2.0457966569985055,0.04077638108918961,0.1340782700220811,Bacteria,Pseudomonadota,Alphaproteobacteria_2,NA,Unclassified family,NA,NA,Not significant,FALSE
ASV_503,23.37618519363841,6.1514372497933,3.02209026851723,2.035490903060108,0.04180150296180072,0.13667682429083158,NA,Unclassified phylum,NA,NA,Unclassified family,NA,NA,Not significant,FALSE
ASV_787,17.932873572782874,6.128184523731296,3.0329097299958314,2.0205627827042907,0.04332504485936947,0.14086690563213985,Bacteria,Gemmatimonadota,PAUC43f marine benthic group,Incertae Sedis_97,Incertae sedis (Gemmatimonadota),Incertae Sedis_575,NA,Not significant,FALSE
ASV_599,28.393683388106425,5.4490256311890715,2.7079172653559698,2.012257058552625,0.044192846521574757,0.14289020375309172,Bacteria,Planctomycetota,Phycisphaerae,Phycisphaerales,Phycisphaeraceae,Incertae Sedis_730,NA,Not significant,FALSE
ASV_604,20.387078253324297,6.033170957551335,3.023264349118727,1.9955816828620982,0.04597947495404785,0.14784560454837484,NA,Unclassified phylum,NA,NA,Unclassified family,NA,NA,Not significant,FALSE
ASV_226,70.13366116128971,-4.753364861228453,2.3956791765358707,-1.9841408264447886,0.04724014293818319,0.1510646329122122,Bacteria,Planctomycetota,Planctomycetes,Pirellulales,Pirellulaceae,Mariniblastus,NA,Not significant,FALSE
ASV_365,34.88918144326618,5.243965578253023,2.6560261988662264,1.9743651551673345,0.04834023716798727,0.15373780345228738,NA,Unclassified phylum,NA,NA,Unclassified family,NA,NA,Not significant,FALSE
ASV_690,16.87433542838332,5.925742711316805,3.0359740793237324,1.9518423268741387,0.05095692727335299,0.16117897648419263,Bacteria,Planctomycetota,Planctomycetes,Planctomycetales,Unclassified family,NA,NA,Not significant,FALSE
ASV_633,28.70108675700883,5.822348645727623,3.0125652122891555,1.9326880035580707,0.05327464390944885,0.16759915002864448,Bacteria,Unclassified phylum,NA,NA,Unclassified family,NA,NA,Not significant,FALSE
ASV_686,22.23680948999129,5.818203127207728,3.0160783613299844,1.9290623220552219,0.0537231257740243,0.168092929456374,NA,Unclassified phylum,NA,NA,Unclassified family,NA,NA,Not significant,FALSE
ASV_108,176.38935077023075,-4.764983294979681,2.4760219676077924,-1.9244511386881464,0.054298059686938675,0.168092929456374,Bacteria,Unclassified phylum,NA,NA,Unclassified family,NA,NA,Not significant,FALSE
ASV_147,121.8943335258595,-4.0751277465355145,2.1173878577274716,-1.924601452522367,0.0542792375578796,0.168092929456374,Bacteria,Verrucomicrobiota,Verrucomicrobiia,Verrucomicrobiales_2,Rubritaleaceae_2,Roseibacillus_2,NA,Not significant,FALSE
ASV_908,19.334909953209554,5.7181846557057,2.9891401958801853,1.912986437901725,0.05574978868190725,0.1711377286873513,Bacteria,Bacteroidota,Bacteroidia,Flavobacteriales,Crocinitomicaceae,Crocinitomix,NA,Not significant,FALSE
ASV_264,44.78670206812649,5.115778487543636,2.675545568337427,1.9120505918808028,0.05586970524157516,0.1711377286873513,Bacteria,Acidobacteriota,AT-s3-28,Incertae Sedis_17,Incertae sedis (Acidobacteriota),Incertae Sedis_91,NA,Not significant,FALSE
ASV_463,30.32674197047347,5.597580581003699,2.9555600945320673,1.8939153331239993,0.058236248930466736,0.17745286323314996,Bacteria,Planctomycetota,Planctomycetes,Pirellulales,Pirellulaceae,NA,NA,Not significant,FALSE
ASV_812,16.890800057422695,5.669092950326877,3.0215422524636097,1.8762249462851597,0.060624397963466865,0.18376770632675893,NA,Unclassified phylum,NA,NA,Unclassified family,NA,NA,Not significant,FALSE
ASV_704,17.830760532039776,5.417874406996482,2.969956194822896,1.8242270429579721,0.0681177548283837,0.20541208968973737,Bacteria,Pseudomonadota,Alphaproteobacteria_2,NA,Unclassified family,NA,NA,Not significant,FALSE
ASV_869,18.267984841604072,5.465016157544561,3.0157123899350466,1.8121808219457785,0.06995826135691952,0.20869673904860161,Bacteria,Pseudomonadota,Gammaproteobacteria_2,Incertae Sedis_143,Incertae sedis (Pseudomonadota),Incertae Sedis_916,NA,Not significant,FALSE
ASV_796,22.354631094238407,-5.163256693522489,2.852495512778225,-1.810084072137126,0.07028275060743285,0.20869673904860161,Bacteria,Unclassified phylum,NA,NA,Unclassified family,NA,NA,Not significant,FALSE
ASV_311,57.26631731163133,-3.788377572748541,2.0920227672613128,-1.8108682333834936,0.07016125095204662,0.20869673904860161,NA,Unclassified phylum,NA,NA,Unclassified family,NA,NA,Not significant,FALSE
ASV_263,75.9540946471355,-5.172564159055987,2.873491547604061,-1.8000972243572149,0.07184528781232004,0.2122535914049252,Bacteria,Pseudomonadota,Gammaproteobacteria_2,NA,Unclassified family,NA,NA,Not significant,FALSE
ASV_232,66.10501996553444,-5.02824180376998,2.845009536558378,-1.767390140228728,0.07716291304231078,0.22681219894254986,Bacteria,Planctomycetota,Planctomycetes,Pirellulales,Pirellulaceae,NA,NA,Not significant,FALSE
ASV_734,24.28488218037219,-5.199331842848925,2.9803761885009137,-1.7445220046077854,0.08106810782151094,0.23709366207095162,Bacteria,Pseudomonadota,Gammaproteobacteria_2,Pseudomonadales_2,Porticoccaceae_2,C1-B045_2,NA,Not significant,FALSE
ASV_409,37.01020314652729,-4.92242885109327,2.8426243324568943,-1.7316494462139462,0.08333599671326453,0.24250775043559977,Bacteria,Myxococcota,Polyangiia,Nannocystales_2,Nannocystaceae_2,Nannocystis_2,NA,Not significant,FALSE
ASV_349,26.45121471124315,5.209202817429233,3.0150640791705827,1.7277254083642024,0.08403746598404051,0.2433323641925949,NA,Unclassified phylum,NA,NA,Unclassified family,NA,NA,Not significant,FALSE
ASV_254,79.05155567665003,-4.944215710194976,2.8696804961557585,-1.7229150481450035,0.084903888651489,0.244624075223597,Bacteria,Pseudomonadota,Gammaproteobacteria_2,Steroidobacterales_2,Woeseiaceae_2,Woeseia_2,NA,Not significant,FALSE
ASV_322,25.42958517396316,5.152417762713101,3.006191317988232,1.713935414516845,0.0865405880529639,0.24811143963953194,Bacteria,Pseudomonadota,Gammaproteobacteria_2,Enterobacterales_2,Shewanellaceae_2,Shewanella_2,NA,Not significant,FALSE
ASV_91,207.8416345658062,-3.3140908525213324,1.9363296275508017,-1.7115323782517415,0.08698287936406195,0.24815703818570614,Bacteria,Planctomycetota,Planctomycetes,Pirellulales,Pirellulaceae,Mariniblastus,NA,Not significant,FALSE
ASV_359,52.10667309348184,-4.892195008695065,2.8639888774641324,-1.7081752821005267,0.08760382350576823,0.24870939161149808,Bacteria,Bacteroidota,Bacteroidia,Chitinophagales,Saprospiraceae,NA,NA,Not significant,FALSE
ASV_261,73.16861538835039,-4.004496841277057,2.429935463525299,-1.6479848544896818,0.09935577916456492,0.28070419162027566,Bacteria,Planctomycetota,Planctomycetes,Pirellulales,Pirellulaceae,Incertae Sedis_742,NA,Not significant,FALSE
ASV_369,56.16415536666306,-3.545147979563719,2.1548314225346368,-1.6452089673881365,0.09992672489068319,0.28095340041728317,Bacteria,Planctomycetota,Planctomycetes,Pirellulales,Pirellulaceae,NA,NA,Not significant,FALSE
ASV_582,33.19675225220742,-3.3753911933834124,2.1138648869049304,-1.5967866320564974,0.11031327676344796,0.3086650340208015,Bacteria,Calditrichota,Calditrichia,Calditrichales,Calditrichaceae,Calorithrix,NA,Not significant,FALSE
ASV_414,42.0744710519929,-3.3545696827831026,2.157504944527127,-1.5548375410645203,0.11998476577164965,0.3341202568377995,Bacteria,Bacteroidota,Bacteroidia,Cytophagales,Cyclobacteriaceae,Incertae Sedis_333,NA,Not significant,FALSE
ASV_191,94.96998110566801,-3.2915518064729814,2.122747548139992,-1.5506091665761794,0.12099537407408936,0.3353300367196191,NA,Unclassified phylum,NA,NA,Unclassified family,NA,NA,Not significant,FALSE
ASV_501,20.105359319556143,4.616914498947309,2.9870044056343734,1.5456671206237402,0.12218498180963454,0.3370220825270488,Bacteria,Pseudomonadota,Gammaproteobacteria_2,NA,Unclassified family,NA,NA,Not significant,FALSE
ASV_303,57.700046806454395,-3.6399107900585723,2.409550998559188,-1.510617867077762,0.13088583910141444,0.3593186714953925,Bacteria,Planctomycetota,Planctomycetes,Planctomycetales,Rubinisphaeraceae,Fuerstia,NA,Not significant,FALSE
ASV_287,52.25846910660742,-3.1627744155712416,2.121426872657576,-1.4908712887233007,0.13599529068442,0.3715927660954575,Bacteria,Verrucomicrobiota,Verrucomicrobiia,Verrucomicrobiales_2,DEV007_2,Incertae Sedis_1063,NA,Not significant,FALSE
ASV_105,130.74125260468128,-3.1356909203053034,2.1486822749244663,-1.4593553253077094,0.14446733525818098,0.39289714542178195,Bacteria,Planctomycetota,Planctomycetes,Pirellulales,Pirellulaceae,NA,NA,Not significant,FALSE
ASV_610,29.229002988391326,-4.302590355500767,3.0209991853340843,-1.4242275788713776,0.15438060388917216,0.41790470448138695,Bacteria,Bacteroidota,Bacteroidia,Chitinophagales,Saprospiraceae,Flavilitoribacter,NA,Not significant,FALSE
ASV_177,74.67912408109513,3.0293480089285625,2.159202689174676,1.4029938106859652,0.16061868459695552,0.4327781223862413,NA,Unclassified phylum,NA,NA,Unclassified family,NA,NA,Not significant,FALSE
ASV_277,61.66102421871909,-2.89126406428425,2.0950320842118537,-1.380057177201626,0.1675690408600994,0.449424800832156,Bacteria,Planctomycetota,Planctomycetes,Pirellulales,Pirellulaceae,Bremerella,NA,Not significant,FALSE
ASV_94,199.40877829180533,-3.42560108806414,2.5113758125340477,-1.364033638839427,0.17255697875208936,0.4606796405216331,Bacteria,Pseudomonadota,Gammaproteobacteria_2,Nitrosococcales_2,Nitrosococcaceae_2,AqS1_2,NA,Not significant,FALSE
ASV_167,110.811204850233,-3.3304645993718007,2.4505081432335136,-1.3590914229638755,0.1741176203883566,0.4627235391142627,Bacteria,Dadabacteria,Dadabacteriia,Dadabacteriales,Incertae sedis (Dadabacteria),CSP1-2,NA,Not significant,FALSE
ASV_284,45.58465214491102,3.297711494040521,2.431543656419315,1.3562213803295322,0.17502874133241128,0.4630305793430153,Bacteria,Latescibacterota,Incertae Sedis_30,Incertae Sedis_102,Incertae sedis (Latescibacterota),Incertae Sedis_592,NA,Not significant,FALSE
ASV_55,215.19121013919315,-2.808405997612264,2.1272119930776863,-1.3202285464501424,0.18675872375988314,0.49182614130430763,Bacteria,Planctomycetota,Planctomycetes,Pirellulales,Pirellulaceae,Incertae Sedis_742,NA,Not significant,FALSE
ASV_286,46.71323827101522,3.7121925334718697,2.873768346687514,1.2917507904736916,0.19644346202955373,0.5150004274828841,Bacteria,Planctomycetota,Planctomycetes,Pirellulales,Pirellulaceae,NA,NA,Not significant,FALSE
ASV_635,31.369553853707174,-3.173027258694203,2.4636102711388554,-1.2879582845818405,0.19776048474031266,0.5161282606226995,Bacteria,Verrucomicrobiota,Verrucomicrobiia,NA,Unclassified family,NA,NA,Not significant,FALSE
ASV_150,97.73973308416868,3.0568346808835174,2.3920366188495676,1.2779213565525094,0.20127715699867912,0.5210331897061311,Bacteria,Calditrichota,Calditrichia,Calditrichales,Calditrichaceae,Calorithrix,NA,Not significant,FALSE
ASV_63,257.58537366289795,-2.390337694473769,1.8711248254639756,-1.2774870291622826,0.2014303568451538,0.5210331897061311,Bacteria,Planctomycetota,Planctomycetes,Pirellulales,Pirellulaceae,Incertae Sedis_742,NA,Not significant,FALSE
ASV_363,43.32961125404381,3.0478401663087493,2.396389482786562,1.2718467461994825,0.20342757616527118,0.5238710147264948,Bacteria,Pseudomonadota,Gammaproteobacteria_2,NA,Unclassified family,NA,NA,Not significant,FALSE
ASV_103,128.4882626424131,3.0034819403964015,2.385274232353777,1.2591767854854072,0.20796648459669997,0.5332004142523321,Bacteria,Planctomycetota,OM190,Incertae Sedis_134,Incertae sedis (Planctomycetota),Incertae Sedis_714,NA,Not significant,FALSE
ASV_67,192.0021228083056,2.6844865626065224,2.144238036083541,1.2519536158913342,0.21058676614301527,0.5352379482069957,Bacteria,Planctomycetota,Planctomycetes,Planctomycetales,Rubinisphaeraceae,Incertae Sedis_745,NA,Not significant,FALSE
ASV_315,52.33443188315048,-2.612918176039482,2.0871354921705936,-1.251915932550254,0.2106004985213093,0.5352379482069957,NA,Unclassified phylum,NA,NA,Unclassified family,NA,NA,Not significant,FALSE
ASV_267,60.72524553275816,-3.074479228405883,2.4662858774353786,-1.2466029411006267,0.21254312278972096,0.5378265107113809,Bacteria,Planctomycetota,Planctomycetes,Pirellulales,Pirellulaceae,NA,NA,Not significant,FALSE
ASV_598,21.107191347218677,3.442851091178092,2.7806909113231955,1.2381279332983495,0.21566862790785205,0.543372906676926,Bacteria,Chloroflexota,NA,NA,Unclassified family,NA,NA,Not significant,FALSE
ASV_249,75.47774486874826,-2.689681888722318,2.2038198299571103,-1.2204636024055848,0.22228917926482003,0.5576392341901951,NA,Unclassified phylum,NA,NA,Unclassified family,NA,NA,Not significant,FALSE
ASV_90,143.13996564731858,3.006449482592645,2.473306269370403,1.215558913922115,0.224152993403961,0.5599014685025978,NA,Unclassified phylum,NA,NA,Unclassified family,NA,NA,Not significant,FALSE
ASV_85,216.09947885072924,-2.6993152066994925,2.244769175800719,-1.2024912119245557,0.229173268944683,0.5699950535290834,Bacteria,Planctomycetota,Planctomycetes,Pirellulales,Pirellulaceae,NA,NA,Not significant,FALSE
ASV_26,529.6652062783152,-3.0685666770053377,2.568960047664243,-1.1944781623970169,0.23229097797137208,0.5752908475716534,Bacteria,Planctomycetota,Planctomycetes,Planctomycetales,Rubinisphaeraceae,Fuerstia,NA,Not significant,FALSE
ASV_602,35.37081188446393,3.362450210589752,2.8761765233520564,1.1690694862744255,0.24237563662815706,0.5952009304539554,Bacteria,Pseudomonadota,Gammaproteobacteria_2,Pseudomonadales_2,Halieaceae_2,NA,NA,Not significant,FALSE
ASV_164,96.47620942282086,-2.494455187939961,2.1319598537819173,-1.170029155809387,0.241989235954761,0.5952009304539554,Bacteria,Planctomycetota,Pla3 lineage,Incertae Sedis_135,Incertae sedis (Planctomycetota),Incertae Sedis_737,NA,Not significant,FALSE
ASV_125,147.14434639859678,-2.5302605465366437,2.177903382250974,-1.1617873259012483,0.24532186350457216,0.5999047250405924,Archaea,Thermoproteota,Nitrososphaeria_2,Nitrosopumilales_2,Nitrosopumilaceae_2,Candidatus Nitrosopelagicus_2,NA,Not significant,FALSE
ASV_84,200.0187735165336,-2.5275235449733646,2.2014398606421435,-1.1481229127177268,0.25091782657089984,0.611021652988551,Bacteria,Planctomycetota,Planctomycetes,Pirellulales,Pirellulaceae,NA,NA,Not significant,FALSE
ASV_123,116.66110787646952,-2.8244624495393325,2.4765467811031914,-1.140484189957906,0.25408463571569767,0.6161552416105668,Archaea,Thermoproteota,Nitrososphaeria_2,Nitrosopumilales_2,Nitrosopumilaceae_2,NA,NA,Not significant,FALSE
ASV_78,222.31916245293837,-2.4544076690881056,2.160887521067605,-1.1358331450197299,0.2560264024562751,0.6182878266786395,Bacteria,Nitrospinota,Nitrospinia,Nitrospinales,Nitrospinaceae,Nitrospina,NA,Not significant,FALSE
ASV_676,25.420308796925607,-2.774361319107037,2.458580629298724,-1.1284402415138142,0.2591340409072435,0.6232066603637014,NA,Unclassified phylum,NA,NA,Unclassified family,NA,NA,Not significant,FALSE
ASV_6,1432.941541436399,-1.8436920393532503,1.647436927569773,-1.1191275420012494,0.2630857315069794,0.6301065668191852,Archaea,Thermoproteota,Nitrososphaeria_2,Nitrosopumilales_2,Nitrosopumilaceae_2,Candidatus Nitrosopumilus_2,NA,Not significant,FALSE
ASV_408,46.282638163416415,-3.193296674455503,2.8955044308700453,-1.1028464126701325,0.27009386870266305,0.6442402933809422,Bacteria,Pseudomonadota,Alphaproteobacteria_2,Parvibaculales_2,PS1 clade_2,Incertae Sedis_801,NA,Not significant,FALSE
ASV_269,25.584694362476206,-2.696939950938753,2.4593704146423914,-1.0965977043888713,0.27281729145046657,0.6480802596904961,Bacteria,Planctomycetota,Planctomycetes,Pirellulales,Pirellulaceae,Incertae Sedis_742,NA,Not significant,FALSE
ASV_715,24.408615905221346,-3.1594456972713716,2.8991330804020023,-1.0897898129027155,0.2758057424089544,0.6525160247236238,NA,Unclassified phylum,NA,NA,Unclassified family,NA,NA,Not significant,FALSE
ASV_285,49.25520598243855,2.5880465556313768,2.3865032081338566,1.0844513205809259,0.27816473952129667,0.6554327060785209,NA,Unclassified phylum,NA,NA,Unclassified family,NA,NA,Not significant,FALSE
ASV_939,17.44411765231923,-3.168183564010977,2.952957221713789,-1.0728850186906123,0.2833227085848229,0.6648944209530924,Bacteria,Bacteroidota,Bacteroidia,Cytophagales,Amoebophilaceae,Incertae Sedis_331,NA,Not significant,FALSE
ASV_201,84.148235432746,-2.301948198993259,2.1596209729656834,-1.0659037987726734,0.2864671316024481,0.6695737774804209,NA,Unclassified phylum,NA,NA,Unclassified family,NA,NA,Not significant,FALSE
ASV_296,52.263335443189426,2.5472799025493402,2.402631349932194,1.0602042226000374,0.28905170050446855,0.6720190947590103,NA,Unclassified phylum,NA,NA,Unclassified family,NA,NA,Not significant,FALSE
ASV_196,90.91220155601945,-1.9985684124112633,1.888094643352865,-1.0585107157881768,0.2898226680146247,0.6720190947590103,NA,Unclassified phylum,NA,NA,Unclassified family,NA,NA,Not significant,FALSE
ASV_215,37.538492504485056,-3.004725497288252,2.9089375938080244,-1.0329288272406125,0.3016372071061311,0.6966383116498742,NA,Unclassified phylum,NA,NA,Unclassified family,NA,NA,Not significant,FALSE
ASV_646,27.11140769615384,-3.1290249984690437,3.0474508082339034,-1.026768008859974,0.30452971666217776,0.6979916787050024,Bacteria,Pseudomonadota,Gammaproteobacteria_2,NA,Unclassified family,NA,NA,Not significant,FALSE
ASV_739,22.94656115304394,-2.9650310095565797,2.921687870922577,-1.014834965454512,0.31018450323458546,0.6979916787050024,Bacteria,Pseudomonadota,Alphaproteobacteria_2,Rhodobacterales_2,Paracoccaceae,NA,NA,Not significant,FALSE
ASV_508,37.19497579735961,-2.9616773502725113,2.8883490177545053,-1.0253876287343604,0.30518032315907656,0.6979916787050024,NA,Unclassified phylum,NA,NA,Unclassified family,NA,NA,Not significant,FALSE
ASV_509,20.723496413634514,-2.9354971335844877,2.9175086337865204,-1.0061657057633522,0.31433586596477775,0.6979916787050024,NA,Unclassified phylum,NA,NA,Unclassified family,NA,NA,Not significant,FALSE
ASV_247,62.50463796078779,2.925011994175306,2.901334806427959,1.0081607912657615,0.313377277424589,0.6979916787050024,Bacteria,Planctomycetota,Planctomycetes,Pirellulales,Pirellulaceae,Incertae Sedis_742,NA,Not significant,FALSE
ASV_282,55.34898181995564,-2.51804310332211,2.4910104403933024,-1.0108520873660165,0.31208722877974837,0.6979916787050024,Bacteria,Pseudomonadota,Gammaproteobacteria_2,NA,Unclassified family,NA,NA,Not significant,FALSE
ASV_530,30.09966273824331,-2.4988170304410366,2.4803732798537803,-1.0074358769855574,0.3137253577663396,0.6979916787050024,NA,Unclassified phylum,NA,NA,Unclassified family,NA,NA,Not significant,FALSE
ASV_502,28.73275263716529,2.4823897373148482,2.4534118429536584,1.0118112637486512,0.3116283033425352,0.6979916787050024,NA,Unclassified phylum,NA,NA,Unclassified family,NA,NA,Not significant,FALSE
ASV_651,19.241176990188347,-2.4254907874157023,2.416011542254004,-1.0039235098822643,0.3154154836759719,0.6979916787050024,NA,Unclassified phylum,NA,NA,Unclassified family,NA,NA,Not significant,FALSE
ASV_77,220.8375865344288,-2.2368228100456324,2.198917673633922,-1.017238088022217,0.30904018102518577,0.6979916787050024,Archaea,Thermoproteota,Nitrososphaeria_2,Nitrosopumilales_2,Nitrosopumilaceae_2,Candidatus Nitrosopumilus_2,NA,Not significant,FALSE
ASV_395,38.20550178560748,2.158515558512203,2.1491105507797763,1.0043762326368062,0.3151973015656102,0.6979916787050024,Bacteria,Pseudomonadota,Alphaproteobacteria_2,Sphingomonadales_2,Sphingomonadaceae_2,NA,NA,Not significant,FALSE
ASV_56,262.96270395439916,1.8985756708927146,1.902431415891078,0.9979732541388057,0.3182923281339834,0.7016899052044634,Bacteria,Bacteroidota,Bacteroidia,Flavobacteriales,Flavobacteriaceae,Aquibacter,NA,Not significant,FALSE
ASV_171,106.73688905406676,-2.1590899507435637,2.1810615689211565,-0.9899261815940111,0.3222102013523514,0.7076465554229,Bacteria,Planctomycetota,Planctomycetes,Pirellulales,Pirellulaceae,NA,NA,Not significant,FALSE
ASV_443,35.32524693600462,-2.839835746954254,2.9000905468995826,-0.9792231314950681,0.32746974167022685,0.7138104481351012,Bacteria,Acidobacteriota,AT-s3-28,Incertae Sedis_17,Incertae sedis (Acidobacteriota),Incertae Sedis_91,NA,Not significant,FALSE
ASV_221,88.34458574080183,-2.8112402623390236,2.8653931815399396,-0.9811010511402792,0.32654291214392706,0.7138104481351012,Bacteria,Planctomycetota,Planctomycetes,Pirellulales,Pirellulaceae,NA,NA,Not significant,FALSE
ASV_240,69.41249084411062,-2.8372741486813062,2.9200232762309155,-0.9716614835836448,0.33121898420272317,0.7139609215036476,Bacteria,Planctomycetota,Planctomycetes,Planctomycetales,Rubinisphaeraceae,Fuerstia,NA,Not significant,FALSE
ASV_290,68.96902028370512,-2.3852932195568814,2.449624583072949,-0.9737382764850577,0.33018650702795305,0.7139609215036476,Bacteria,Actinomycetota,Acidimicrobiia_2,Actinomarinales_2,Incertae sedis (Actinomycetota),Incertae Sedis_120,NA,Not significant,FALSE
ASV_482,37.07949045621403,-2.3798282703261195,2.4381097254828488,-0.976095638950299,0.3290170723003662,0.7139609215036476,NA,Unclassified phylum,NA,NA,Unclassified family,NA,NA,Not significant,FALSE
ASV_870,22.87896024196425,-2.916053965686077,3.044937160773363,-0.957672954060388,0.33822769891637694,0.7230142096030497,Bacteria,Actinomycetota,Acidimicrobiia_2,Microtrichales_2,Microtrichaceae_2,Sva0996 marine group_2,NA,Not significant,FALSE
ASV_860,24.50921409568017,-2.915676995968233,3.0449429777940415,-0.957547322636742,0.3382910728395095,0.7230142096030497,Bacteria,Pseudomonadota,Gammaproteobacteria_2,Coxiellales_2,Coxiellaceae_2,Coxiella_2,NA,Not significant,FALSE
ASV_1113,17.011493762687902,-2.898000746242189,3.0474838338515715,-0.9509486856176501,0.34163042549972283,0.7230142096030497,Bacteria,Verrucomicrobiota,Verrucomicrobiia,Verrucomicrobiales_2,DEV007_2,Incertae Sedis_1063,NA,Not significant,FALSE
ASV_478,38.54374942021345,-2.6468656368434207,2.7831782131166167,-0.95102269210402,0.34159285667787886,0.7230142096030497,Bacteria,Pseudomonadota,Alphaproteobacteria_2,Rhodobacterales_2,Paracoccaceae,NA,NA,Not significant,FALSE
ASV_21,621.967023406131,-2.4275531777900685,2.5481575282664313,-0.9526699785478284,0.3407573088865507,0.7230142096030497,Bacteria,Planctomycetota,Planctomycetes,Planctomycetales,Rubinisphaeraceae,NA,NA,Not significant,FALSE
ASV_3,29.962955037640583,-2.26048661441441,2.3841136234158258,-0.9481455045652186,0.34305538534522123,0.7233993995323144,Bacteria,Pseudomonadota,Gammaproteobacteria_2,Pseudomonadales_2,SAR86 clade_2,Incertae Sedis_952,NA,Not significant,FALSE
ASV_228,58.397463582215515,2.748678026797143,2.9187086178502306,0.9417445818286845,0.34632342416203926,0.7240437552023206,NA,Unclassified phylum,NA,NA,Unclassified family,NA,NA,Not significant,FALSE
ASV_589,35.31698833997372,-2.680298982917131,2.8407978377930103,-0.9435021905675028,0.34542409536683777,0.7240437552023206,Bacteria,Pseudomonadota,Gammaproteobacteria_2,Pseudomonadales_2,OM182 clade_2,Incertae Sedis_949,NA,Not significant,FALSE
ASV_404,39.0912378267063,-2.250622274030449,2.3936612733473135,-0.9402425894968682,0.3470931403804939,0.7240437552023206,Bacteria,Planctomycetota,Planctomycetes,Planctomycetales,Incertae sedis (Planctomycetota),Incertae Sedis_744,NA,Not significant,FALSE
ASV_874,22.343211927827973,-2.826301170711962,3.05789583726849,-0.9242633893104079,0.35534919912982116,0.7282156123012533,Bacteria,Pseudomonadota,Gammaproteobacteria_2,Pseudomonadales_2,Alcanivoracaceae_2,Ketobacter_2,NA,Not significant,FALSE
ASV_884,18.363401712608226,-2.8166259292525386,3.0458665691126323,-0.9247371364902306,0.3551026571995731,0.7282156123012533,Bacteria,Cyanobacteriota,Cyanobacteriia_2,Chloroplast_2,Incertae sedis (Cyanobacteriota),Incertae Sedis_497,NA,Not significant,FALSE
ASV_489,18.45779668034048,-2.7455710422271684,2.9699048336938074,-0.9244643165257168,0.35524462176712307,0.7282156123012533,Bacteria,Patescibacteria,Gracilibacteria,Candidatus Peribacteria,Incertae sedis (Patescibacteria),Incertae Sedis_648,NA,Not significant,FALSE
ASV_220,57.04141441485898,2.7047674647197053,2.896139874769264,0.9339215582379959,0.35034435744162495,0.7282156123012533,NA,Unclassified phylum,NA,NA,Unclassified family,NA,NA,Not significant,FALSE
ASV_399,41.46550265433224,-2.2593860840782782,2.4424180538505578,-0.9250611624477132,0.35493409361137235,0.7282156123012533,Bacteria,Bacteroidota,Bacteroidia,NA,Unclassified family,NA,NA,Not significant,FALSE
ASV_396,44.65596106170468,-1.7321416179827622,1.8821950236982634,-0.920277439996273,0.35742779519115875,0.7299051817587874,Bacteria,Bacteroidota,Bacteroidia,Chitinophagales,Saprospiraceae,NA,NA,Not significant,FALSE
ASV_99,194.93535388175266,-2.0576222093923944,2.2488815848763517,-0.9149535587955498,0.3602160111353798,0.7330269876950737,Bacteria,Dadabacteria,Dadabacteriia,Dadabacteriales,Incertae sedis (Dadabacteria),CSP1-2,NA,Not significant,FALSE
ASV_162,85.88012148216737,2.634106118370388,2.9016442518677645,0.9077977483541739,0.36398508823678616,0.7381161022780821,NA,Unclassified phylum,NA,NA,Unclassified family,NA,NA,Not significant,FALSE
ASV_879,19.43491379122494,-2.734911467828055,3.0461789375654797,-0.8978170763710318,0.36928307921972897,0.7423075300842437,NA,Unclassified phylum,NA,NA,Unclassified family,NA,NA,Not significant,FALSE
ASV_346,38.855468026542646,-2.731087197915644,3.0466580965873633,-0.8964206390519507,0.370028148352059,0.7423075300842437,Bacteria,Pseudomonadota,Gammaproteobacteria_2,Pseudomonadales_2,Unclassified family,NA,NA,Not significant,FALSE
ASV_484,37.53695359010774,-2.7235729006905647,3.04548221785262,-0.8942993936149018,0.3711617243288914,0.7423075300842437,Bacteria,Verrucomicrobiota,Verrucomicrobiia,Verrucomicrobiales_2,Unclassified family,NA,NA,Not significant,FALSE
ASV_998,16.708314075483646,-2.718148565503618,3.0489752699295676,-0.8914957731245908,0.37266325817234897,0.7423075300842437,NA,Unclassified phylum,NA,NA,Unclassified family,NA,NA,Not significant,FALSE
ASV_893,19.222425606748956,-2.710475975265117,3.0470006694800817,-0.889555424918109,0.3737046500252292,0.7423075300842437,Bacteria,Planctomycetota,Planctomycetes,Planctomycetales,Rubinisphaeraceae,Fuerstia,NA,Not significant,FALSE
ASV_265,53.96642914391378,2.0807864364879487,2.3113437182580463,0.9002496772985984,0.36798739472967834,0.7423075300842437,Bacteria,Bacteroidota,Bacteroidia,Chitinophagales,Saprospiraceae,Portibacter,NA,Not significant,FALSE
ASV_214,32.17496251115257,-2.7062145589555047,3.0509567915371556,-0.8870052065181951,0.37507609736293795,0.7424975804939792,Bacteria,Unclassified phylum,NA,NA,Unclassified family,NA,NA,Not significant,FALSE
ASV_439,38.0170744783423,-2.500995281455105,2.8373213953495835,-0.8814635118722459,0.3780669948761404,0.7458813254844533,Bacteria,Planctomycetota,Planctomycetes,Pirellulales,Pirellulaceae,NA,NA,Not significant,FALSE
ASV_552,29.84697924137467,2.563888196810232,2.93085337135972,0.8747923802209046,0.38168688396345724,0.7504789407659869,NA,Unclassified phylum,NA,NA,Unclassified family,NA,NA,Not significant,FALSE
ASV_373,45.40469378115972,-2.5396404811801823,2.9285714477591447,-0.8671943049651185,0.38583555613644294,0.7519506189195392,Bacteria,Chloroflexota,Anaerolineae_2,Ardenticatenales_2,Incertae sedis (Chloroflexota),Incertae Sedis_420,NA,Not significant,FALSE
ASV_546,29.25143691102817,-2.5326530103591676,2.9234410009500347,-0.8663260211292542,0.3863114004414815,0.7519506189195392,Bacteria,Planctomycetota,Planctomycetes,Planctomycetales,Gimesiaceae,Incertae Sedis_743,NA,Not significant,FALSE
ASV_237,63.66547164518657,1.7148775660602902,1.9689824151217945,0.8709461054045086,0.3837835809497259,0.7519506189195392,NA,Unclassified phylum,NA,NA,Unclassified family,NA,NA,Not significant,FALSE
ASV_750,22.479820372498327,-2.5426947491156433,2.9926554419179596,-0.849645005402312,0.3955224822870467,0.7672026659379063,Bacteria,Pseudomonadota,Alphaproteobacteria_2,Rhodobacterales_2,Paracoccaceae,NA,NA,Not significant,FALSE
ASV_776,19.62573010902124,-2.5361624285275033,2.9929468388088876,-0.8473797114073793,0.39678350935963885,0.7672026659379063,Bacteria,Planctomycetota,Pla3 lineage,Incertae Sedis_135,Incertae sedis (Planctomycetota),Incertae Sedis_737,NA,Not significant,FALSE
ASV_845,19.815141307071467,-2.509814995835887,2.9956417501860915,-0.8378221446806767,0.4021305996911093,0.7698684507244263,Bacteria,Pseudomonadota,Alphaproteobacteria_2,NA,Unclassified family,NA,NA,Not significant,FALSE
ASV_656,17.836986786503925,-2.4807855111514288,2.9536658380225482,-0.8399005328281454,0.40096415886275444,0.7698684507244263,NA,Unclassified phylum,NA,NA,Unclassified family,NA,NA,Not significant,FALSE
ASV_506,38.04800488534786,-2.044085858052171,2.4270708290555034,-0.8422028041297949,0.39967444447848915,0.7698684507244263,Bacteria,Dependentiae,Babeliae,Babeliales,Incertae sedis (Dependentiae),Incertae Sedis_536,NA,Not significant,FALSE
ASV_411,55.01526347446785,-2.5412361293551227,3.0429315811403272,-0.8351275937669305,0.4036458717607043,0.7702151968473272,Bacteria,Planctomycetota,Planctomycetes,Planctomycetales,Rubinisphaeraceae,NA,NA,Not significant,FALSE
ASV_389,50.467244940964726,-2.463551048000671,2.9889819752094215,-0.8242107407917919,0.40981982514611504,0.7702151968473272,NA,Unclassified phylum,NA,NA,Unclassified family,NA,NA,Not significant,FALSE
ASV_569,34.156294876132065,-2.455602082834377,2.9900714799958314,-0.8212519664706479,0.4115027616579026,0.7702151968473272,Bacteria,Dadabacteria,Dadabacteriia,Dadabacteriales,Incertae sedis (Dadabacteria),CSP1-2,NA,Not significant,FALSE
ASV_540,22.18777536133879,-2.4521486751828996,2.9475399419854287,-0.8319306009238201,0.40544811795157004,0.7702151968473272,Bacteria,Pseudomonadota,Alphaproteobacteria_2,Sphingomonadales_2,Sphingomonadaceae_2,NA,NA,Not significant,FALSE
ASV_693,25.838960784980877,-2.437540702411001,2.9920442279180888,-0.8146740210812593,0.41525892769741846,0.7702151968473272,Bacteria,Bacteroidota,Bacteroidia,Chitinophagales,Saprospiraceae,NA,NA,Not significant,FALSE
ASV_738,24.00746603491018,-2.434785334693935,2.9925036953197535,-0.8136281798087386,0.41585798934529433,0.7702151968473272,Bacteria,Bacteroidota,Bacteroidia,Chitinophagales,Saprospiraceae,NA,NA,Not significant,FALSE
ASV_824,21.165670494737295,-2.4346277021647613,2.9926440397720966,-0.8135373501855467,0.41591004095228146,0.7702151968473272,Bacteria,Planctomycetota,Planctomycetes,Pirellulales,Pirellulaceae,Bremerella,NA,Not significant,FALSE
ASV_760,23.09275771408438,-2.429827024192681,2.992895080730641,-0.8118650866970917,0.4168690498400482,0.7702151968473272,NA,Unclassified phylum,NA,NA,Unclassified family,NA,NA,Not significant,FALSE
ASV_208,72.10464755078961,-2.398983455255452,2.940959765307974,-0.8157144764624935,0.41466345736765475,0.7702151968473272,Bacteria,Bacteroidota,Bacteroidia,Chitinophagales,Saprospiraceae,NA,NA,Not significant,FALSE
ASV_634,28.99244405010807,-1.9794024287525753,2.411841992260633,-0.8207015364622913,0.41181629541616876,0.7702151968473272,NA,Unclassified phylum,NA,NA,Unclassified family,NA,NA,Not significant,FALSE
ASV_81,132.49294603713003,1.8706759127655657,2.2728887452440247,0.8230389264234417,0.4104858575104768,0.7702151968473272,NA,Unclassified phylum,NA,NA,Unclassified family,NA,NA,Not significant,FALSE
ASV_675,21.213101972765976,2.257983355368093,2.8243709304549918,0.7994641677622505,0.42402131584749536,0.7809506513393744,Bacteria,Planctomycetota,Planctomycetes,Pirellulales,Pirellulaceae,NA,NA,Not significant,FALSE
ASV_79,165.04638022697162,1.5075534523953924,1.898260576537891,0.7941762427289709,0.4270928369989233,0.7841262811778339,Bacteria,Acidobacteriota,Thermoanaerobaculia,Thermoanaerobaculales,Thermoanaerobaculaceae,Subgroup 10,NA,Not significant,FALSE
ASV_255,43.75988102016288,2.3162729185363227,2.9292893957390613,0.7907286053421587,0.4291023797757175,0.7843534490765761,Bacteria,Planctomycetota,Planctomycetes,Pirellulales,Pirellulaceae,NA,NA,Not significant,FALSE
ASV_684,24.828008688874167,-1.8788487295855714,2.3802710384501435,-0.7893423476718595,0.42991194201963534,0.7843534490765761,Bacteria,Pseudomonadota,Alphaproteobacteria_2,Hyphomicrobiales,Rhizobiaceae_2,Incertae Sedis_784,NA,Not significant,FALSE
ASV_421,41.78528377243379,-1.9137893042744119,2.439844116162131,-0.78438999098221,0.43281130959617276,0.7871755693280392,NA,Unclassified phylum,NA,NA,Unclassified family,NA,NA,Not significant,FALSE
ASV_537,26.80110611904036,2.275525970545888,2.929725884354628,0.7767026883633348,0.4373342004021028,0.7929236904486724,NA,Unclassified phylum,NA,NA,Unclassified family,NA,NA,Not significant,FALSE
ASV_807,21.376151074299724,2.0850846284131523,2.723303043879164,0.7656454661186322,0.4438872836598323,0.8023055872360945,NA,Unclassified phylum,NA,NA,Unclassified family,NA,NA,Not significant,FALSE
ASV_168,86.60046861702986,1.2665689064072478,1.661394649127301,0.7623528263272982,0.4458494531087637,0.8033572189142429,Bacteria,Pseudomonadota,Gammaproteobacteria_2,Gammaproteobacteria Incertae Sedis_2,Unknown Family_7,Marinicella_2,NA,Not significant,FALSE
ASV_538,37.9225033729819,-1.843741849952381,2.4258875832402294,-0.7600277369364812,0.4472380054400794,0.8033719727349574,NA,Unclassified phylum,NA,NA,Unclassified family,NA,NA,Not significant,FALSE
ASV_786,16.67609825768415,2.199124823794913,2.9416694466680826,0.7475771372904519,0.4547152592542853,0.8142900950338278,NA,Unclassified phylum,NA,NA,Unclassified family,NA,NA,Not significant,FALSE
ASV_436,36.1953625358515,-1.8310360881248133,2.4719063151874527,-0.7407384644292071,0.45885203239039996,0.8166724246214457,NA,Unclassified phylum,NA,NA,Unclassified family,NA,NA,Not significant,FALSE
ASV_109,132.20562564973562,-1.6091358870936991,2.1694873010383247,-0.7417125172032861,0.4582615342417357,0.8166724246214457,Bacteria,Acidobacteriota,Thermoanaerobaculia,Thermoanaerobaculales,Thermoanaerobaculaceae,Subgroup 10,NA,Not significant,FALSE
ASV_362,27.6571734569077,2.1930595097457415,3.045057660228343,0.7202029499767463,0.4714000478762016,0.8325656559902116,Bacteria,Planctomycetota,Planctomycetes,Pirellulales,Pirellulaceae,Incertae Sedis_742,NA,Not significant,FALSE
ASV_302,32.14886265455827,2.1915262502992365,3.045356976135124,0.7196286896653122,0.4717536428246785,0.8325656559902116,NA,Unclassified phylum,NA,NA,Unclassified family,NA,NA,Not significant,FALSE
ASV_527,18.996823926423072,2.1900962471594054,3.0455661257289726,0.7191097341993171,0.47207331009754266,0.8325656559902116,Bacteria,Unclassified phylum,NA,NA,Unclassified family,NA,NA,Not significant,FALSE
ASV_842,23.341906354232336,-2.1387645228670653,2.9909626868284267,-0.7150756284208213,0.47456231258332,0.8344267852673481,Bacteria,Planctomycetota,Planctomycetes,Pirellulales,Pirellulaceae,NA,NA,Not significant,FALSE
ASV_539,22.98746448306093,2.1416163214038586,3.043955612191533,0.7035635844446417,0.48170459606977284,0.8353407845601736,Bacteria,Verrucomicrobiota,Verrucomicrobiia,Verrucomicrobiales_2,Rubritaleaceae_2,Roseibacillus_2,NA,Not significant,FALSE
ASV_524,22.5808558515177,2.1374306590407994,3.044563851821964,0.7020482286031521,0.48264908701216164,0.8353407845601736,Bacteria,Planctomycetota,Planctomycetes,Pirellulales,Pirellulaceae,Pirellula,NA,Not significant,FALSE
ASV_490,25.445915467559153,2.1203820776201323,3.0411942235416483,0.6972202107995666,0.4856649925268537,0.8353407845601736,Bacteria,Planctomycetota,Pla3 lineage,Incertae Sedis_135,Incertae sedis (Planctomycetota),Incertae Sedis_737,NA,Not significant,FALSE
ASV_351,32.52424406113675,2.120215078421853,3.0412300926027007,0.6971570758749667,0.48570449829703166,0.8353407845601736,Bacteria,Planctomycetota,Planctomycetes,Planctomycetales,Unclassified family,NA,NA,Not significant,FALSE
ASV_456,26.503196839380184,2.1199453219803654,3.0412586914490425,0.6970618211271904,0.4857641058750382,0.8353407845601736,Bacteria,Planctomycetota,Planctomycetes,Pirellulales,Pirellulaceae,NA,NA,Not significant,FALSE
ASV_387,29.97770609247414,2.117895665640448,3.041553938867767,0.6963202718768304,0.48622828058326273,0.8353407845601736,Bacteria,Planctomycetota,Planctomycetes,Pirellulales,Pirellulaceae,NA,NA,Not significant,FALSE
ASV_645,19.13219104394108,2.113185891866327,3.04218987921745,0.6946265603940235,0.4872893626593951,0.8353407845601736,Bacteria,Bacteroidota,Bacteroidia,Cytophagales,Cyclobacteriaceae,Incertae Sedis_333,NA,Not significant,FALSE
ASV_515,24.141873862184973,-2.076291381102725,2.9949957089461856,-0.6932535411989907,0.4881504531476586,0.8353407845601736,NA,Unclassified phylum,NA,NA,Unclassified family,NA,NA,Not significant,FALSE
ASV_451,39.97088140745234,-1.876610815747511,2.721769915905773,-0.6894817981419994,0.4905201237391229,0.8353407845601736,Bacteria,Pseudomonadota,Alphaproteobacteria_2,Rhodobacterales_2,Paracoccaceae,Pikeienuella,NA,Not significant,FALSE
ASV_413,47.885553195286704,-1.7533001635899133,2.5449790997969797,-0.6889251718137014,0.4908703579374216,0.8353407845601736,Bacteria,Pseudomonadota,Gammaproteobacteria_2,Pseudomonadales_2,KI89A clade_2,Incertae Sedis_945,NA,Not significant,FALSE
ASV_775,20.506542151679444,1.6792751635528609,2.4079415721396362,0.6973903283129496,0.48555855259768005,0.8353407845601736,Bacteria,Planctomycetota,Phycisphaerae,Phycisphaerales,Phycisphaeraceae,SM1A02,NA,Not significant,FALSE
ASV_73,212.1986997451211,-1.3502599007831022,1.9733936722688017,-0.6842324062135633,0.49382842203834804,0.8379246111554477,Bacteria,Pseudomonadota,Gammaproteobacteria_2,Burkholderiales_2,Nitrosomonadaceae_2,Nitrosomonas_2,NA,Not significant,FALSE
ASV_557,18.9391266609672,2.033298506617899,3.053910273996108,0.6658016523705144,0.5055378885900961,0.8484490175282028,NA,Unclassified phylum,NA,NA,Unclassified family,NA,NA,Not significant,FALSE
ASV_383,38.910646357231784,-1.5848375148889164,2.361125396529227,-0.671221239337213,0.5020796001334018,0.8484490175282028,NA,Unclassified phylum,NA,NA,Unclassified family,NA,NA,Not significant,FALSE
ASV_86,183.526748862912,-1.4539867998534988,2.183954543973295,-0.6657587282967177,0.5055653288107924,0.8484490175282028,Bacteria,Planctomycetota,Planctomycetes,Planctomycetales,Rubinisphaeraceae,Fuerstia,NA,Not significant,FALSE
ASV_206,82.76164728321788,1.1136463417558142,1.6739151122199372,0.665294394934342,0.5058622149180179,0.8484490175282028,Bacteria,Planctomycetota,Planctomycetes,Pirellulales,Pirellulaceae,NA,NA,Not significant,FALSE
ASV_440,35.406291310028145,1.4513638978319794,2.2011669506380214,0.6593611163438979,0.5096639050457499,0.8523689446454782,Bacteria,Planctomycetota,Planctomycetes,Pirellulales,Pirellulaceae,NA,NA,Not significant,FALSE
ASV_473,29.45457256758763,1.9118063605908708,2.9351729912863136,0.6513436742115287,0.5148246615249353,0.8536408917592946,Bacteria,Actinomycetota,Acidimicrobiia_2,Actinomarinales_2,Incertae sedis (Actinomycetota),Incertae Sedis_120,NA,Not significant,FALSE
ASV_757,20.11327508152123,1.856771312726722,2.850437004634924,0.6513988240075251,0.5147890695766034,0.8536408917592946,Bacteria,Pseudomonadota,Alphaproteobacteria_2,NA,Unclassified family,NA,NA,Not significant,FALSE
ASV_553,29.083523820187494,-1.5840103653721354,2.4247598813061555,-0.6532648356582301,0.513585558114719,0.8536408917592946,Bacteria,Unclassified phylum,NA,NA,Unclassified family,NA,NA,Not significant,FALSE
ASV_444,26.93058248167476,1.6775569188404973,2.590904676953742,0.64747921209239,0.5173218442376892,0.855344640188452,Bacteria,Planctomycetota,Planctomycetes,NA,Unclassified family,NA,NA,Not significant,FALSE
ASV_819,22.663816283996923,-1.923896176277692,2.9946813660590936,-0.6424376890585455,0.5205890351028114,0.8583082675066183,NA,Unclassified phylum,NA,NA,Unclassified family,NA,NA,Not significant,FALSE
ASV_274,38.889989632497745,1.8841307849873459,2.9934379204549493,0.6294203638273519,0.529073889675026,0.8583586776775421,Bacteria,Planctomycetota,Planctomycetes,Planctomycetales,Unclassified family,NA,NA,Not significant,FALSE
ASV_381,39.81280953765729,1.8816774951439685,2.9897685038276203,0.6293723051583995,0.5291053447805805,0.8583586776775421,Bacteria,Verrucomicrobiota,Verrucomicrobiia,Verrucomicrobiales_2,Rubritaleaceae_2,Roseibacillus_2,NA,Not significant,FALSE
ASV_585,19.695820179935012,1.8602765916121207,2.993285388532041,0.6214832032853481,0.5342817426788333,0.8583586776775421,Bacteria,Acidobacteriota,AT-s3-28,Incertae Sedis_17,Incertae sedis (Acidobacteriota),Incertae Sedis_91,NA,Not significant,FALSE
ASV_212,60.02114255396183,1.851790871877205,2.95693205796308,0.6262541159477416,0.5311482770042302,0.8583586776775421,NA,Unclassified phylum,NA,NA,Unclassified family,NA,NA,Not significant,FALSE
ASV_448,35.5817568533344,1.8388451874470533,2.927191235938139,0.6281944154761449,0.5298765882184757,0.8583586776775421,Bacteria,Planctomycetota,Planctomycetes,Planctomycetales,Unclassified family,NA,NA,Not significant,FALSE
ASV_674,26.790790573233508,1.7439586039253574,2.813596389389276,0.6198325426142248,0.5353680412318691,0.8583586776775421,Bacteria,Unclassified phylum,NA,NA,Unclassified family,NA,NA,Not significant,FALSE
ASV_412,43.8745972737922,-1.7122849471559929,2.694547748603221,-0.6354628334359983,0.5251265993466888,0.8583586776775421,NA,Unclassified phylum,NA,NA,Unclassified family,NA,NA,Not significant,FALSE
ASV_534,37.02682391664095,-1.611824932104107,2.554968961340102,-0.6308589092443189,0.5281327812373888,0.8583586776775421,Bacteria,Pseudomonadota,Alphaproteobacteria_2,Puniceispirillales_2,EF100-94H03_2,Incertae Sedis_807,NA,Not significant,FALSE
ASV_40,304.1448852551439,1.4630089259770318,2.292649315199394,0.6381302697616414,0.5233888837407126,0.8583586776775421,NA,Unclassified phylum,NA,NA,Unclassified family,NA,NA,Not significant,FALSE
ASV_442,41.07844494312337,-1.3830018801626247,2.2157525068266617,-0.6241680313580333,0.5325172392945561,0.8583586776775421,NA,Unclassified phylum,NA,NA,Unclassified family,NA,NA,Not significant,FALSE
ASV_143,59.05031555082704,1.8455044489748815,3.0432669777179484,0.6064221320335057,0.5442344755266677,0.8666454945070812,Bacteria,Planctomycetota,Planctomycetes,Planctomycetales,Unclassified family,NA,NA,Not significant,FALSE
ASV_560,29.03030126615456,1.799631336289494,2.951724579043607,0.6096880952465408,0.5420684420857103,0.8666454945070812,Bacteria,Planctomycetota,OM190,Incertae Sedis_134,Incertae sedis (Planctomycetota),Incertae Sedis_714,NA,Not significant,FALSE
ASV_336,50.96572215835209,-1.577011101833154,2.6054947296693083,-0.6052635930809616,0.5450038676797109,0.8666454945070812,Bacteria,Pseudomonadota,Alphaproteobacteria_2,Parvibaculales_2,PS1 clade_2,Incertae Sedis_801,NA,Not significant,FALSE
ASV_697,21.506524754320335,1.8326127214315613,3.0453448883209604,0.6017750989254834,0.5473238526179252,0.8679631668218868,Bacteria,Pseudomonadota,Gammaproteobacteria_2,NA,Unclassified family,NA,NA,Not significant,FALSE
ASV_293,36.01707696315209,1.7832319336491294,2.9908679167848478,0.5962255717283849,0.5510245447249642,0.8691720178354253,NA,Unclassified phylum,NA,NA,Unclassified family,NA,NA,Not significant,FALSE
ASV_426,39.64076290445112,-1.7060454317023395,2.8617574012350917,-0.5961530599924493,0.5510729803801924,0.8691720178354253,Bacteria,Acidobacteriota,NA,NA,Unclassified family,NA,NA,Not significant,FALSE
ASV_838,16.726651064628584,1.7245458885878582,2.9653958968520007,0.5815567123494703,0.5608653076347188,0.8822259703875845,NA,Unclassified phylum,NA,NA,Unclassified family,NA,NA,Not significant,FALSE
ASV_507,21.122084523053058,1.7362959044712674,3.051173957801241,0.5690583127952789,0.5693165674963241,0.8920472772515168,Bacteria,Acidobacteriota,Thermoanaerobaculia,Thermoanaerobaculales,Thermoanaerobaculaceae,NA,NA,Not significant,FALSE
ASV_271,63.69601014961725,1.2841625359254591,2.261667993238501,0.5677944507171702,0.5701745483463303,0.8920472772515168,Bacteria,Pseudomonadota,Gammaproteobacteria_2,NA,Unclassified family,NA,NA,Not significant,FALSE
ASV_565,33.69169386169904,1.7205126040156944,3.0437152616699636,0.5652672658584097,0.5718919901137993,0.8922941709245653,NA,Unclassified phylum,NA,NA,Unclassified family,NA,NA,Not significant,FALSE
ASV_802,21.056151663747503,1.71442070173512,3.0448645135301855,0.5630531979721612,0.5733986596663014,0.8922941709245653,Bacteria,Planctomycetota,Planctomycetes,Pirellulales,Pirellulaceae,NA,NA,Not significant,FALSE
ASV_905,18.337048100914668,1.6837512050268917,3.0459712698833363,0.5527797394790861,0.5804142435917623,0.8966219395534577,NA,Unclassified phylum,NA,NA,Unclassified family,NA,NA,Not significant,FALSE
ASV_355,43.04539732147297,-1.432967552446811,2.594948005612149,-0.5522143601134596,0.5808014969272398,0.8966219395534577,Bacteria,Actinomycetota,Acidimicrobiia_2,Microtrichales_2,Microtrichaceae_2,Incertae Sedis_124,NA,Not significant,FALSE
ASV_683,24.64354257320577,1.3453577021771261,2.4316418518862633,0.5532713220631199,0.5800776352810988,0.8966219395534577,NA,Unclassified phylum,NA,NA,Unclassified family,NA,NA,Not significant,FALSE
ASV_611,27.051013862405995,1.5781763403708624,2.8885108032610676,0.5463633158612856,0.5848162212671455,0.8980555165632682,Bacteria,Pseudomonadota,Alphaproteobacteria_2,Hyphomicrobiales,Hyphomicrobiaceae_2,Filomicrobium_2,NA,Not significant,FALSE
ASV_689,28.505919252487313,-1.558475230389816,2.8408855039599064,-0.5485878358059343,0.5832883355629507,0.8980555165632682,Bacteria,Planctomycetota,Planctomycetes,Pirellulales,Pirellulaceae,NA,NA,Not significant,FALSE
ASV_764,21.674318816176097,-1.6341928156560348,3.0454120174078905,-0.5366081194645649,0.5915383344066899,0.8983499647218595,Bacteria,Pseudomonadota,Gammaproteobacteria_2,Pseudomonadales_2,KI89A clade_2,Incertae Sedis_945,NA,Not significant,FALSE
ASV_848,20.621346630702043,-1.535489842564822,2.868168205025354,-0.5353555763830276,0.5924040024895216,0.8983499647218595,NA,Unclassified phylum,NA,NA,Unclassified family,NA,NA,Not significant,FALSE
ASV_38,396.86260325257206,1.3948962476121,2.5843763672134528,0.5397419142615503,0.5893750300496312,0.8983499647218595,Bacteria,Planctomycetota,Planctomycetes,Planctomycetales,Rubinisphaeraceae,NA,NA,Not significant,FALSE
ASV_76,192.56921458286243,-1.1871055030715454,2.222744844275465,-0.5340718733996205,0.593291808578331,0.8983499647218595,Bacteria,Planctomycetota,Planctomycetes,Pirellulales,Pirellulaceae,NA,NA,Not significant,FALSE
ASV_54,282.86474372097456,-1.1766226396412203,2.2247369788623677,-0.5288816839116385,0.5968875286369184,0.8983499647218595,Bacteria,Planctomycetota,Planctomycetes,Pirellulales,Pirellulaceae,NA,NA,Not significant,FALSE
ASV_46,241.37271258568546,1.065665455169794,2.017518947815432,0.528205921596769,0.5973564198408241,0.8983499647218595,NA,Unclassified phylum,NA,NA,Unclassified family,NA,NA,Not significant,FALSE
ASV_50,298.47959179763944,-1.0023708727633673,1.884610126263623,-0.5318717430170242,0.5948148292582159,0.8983499647218595,Bacteria,Planctomycetota,Planctomycetes,Planctomycetales,Rubinisphaeraceae,Fuerstia,NA,Not significant,FALSE
ASV_4,1301.122333223291,-0.8531891574611854,1.610749834825337,-0.5296844606249497,0.5963307237129055,0.8983499647218595,Archaea,Thermoproteota,Nitrososphaeria_2,Nitrosopumilales_2,Nitrosopumilaceae_2,NA,NA,Not significant,FALSE
ASV_132,126.16671477059869,1.1465824295282094,2.1960242469038276,0.5221173815110534,0.601588605138123,0.9023829077071844,Bacteria,Dadabacteria,Dadabacteriia,Dadabacteriales,Incertae sedis (Dadabacteria),CSP1-2,NA,Not significant,FALSE
ASV_543,30.500373958401653,-1.4677462150444538,2.8418255064906077,-0.5164800624430262,0.6055191604197092,0.903892543170517,Bacteria,Planctomycetota,Planctomycetes,Pirellulales,Pirellulaceae,Bythopirellula,NA,Not significant,FALSE
ASV_385,47.86977397794825,1.252797428061133,2.426870146134473,0.5162193906652125,0.6057011887225114,0.903892543170517,Bacteria,Planctomycetota,Planctomycetes,Planctomycetales,Incertae sedis (Planctomycetota),Incertae Sedis_744,NA,Not significant,FALSE
ASV_136,94.68755847795929,1.5283457887388114,2.991411989370992,0.5109111664221746,0.6094132617835163,0.9071061850588401,NA,Unclassified phylum,NA,NA,Unclassified family,NA,NA,Not significant,FALSE
ASV_741,18.437298895361955,-1.5122696411720877,3.049230497647298,-0.4959512383005854,0.6199288144313417,0.9125409973037204,NA,Unclassified phylum,NA,NA,Unclassified family,NA,NA,Not significant,FALSE
ASV_148,98.6027222259634,-1.5109605486233881,3.0419835998450053,-0.49670239796834353,0.6193989311754016,0.9125409973037204,Archaea,Thermoproteota,Nitrososphaeria_2,Nitrosopumilales_2,Nitrosopumilaceae_2,NA,NA,Not significant,FALSE
ASV_549,18.95888759209768,1.495212531837169,2.992149071529771,0.4997119114365262,0.6172779440481764,0.9125409973037204,NA,Unclassified phylum,NA,NA,Unclassified family,NA,NA,Not significant,FALSE
ASV_455,29.95426748419264,1.4795930688363261,2.991680025583577,0.49456929089457247,0.6209041837324283,0.9125409973037204,Bacteria,Unclassified phylum,NA,NA,Unclassified family,NA,NA,Not significant,FALSE
ASV_551,32.75496028337546,-1.1055230977182513,2.214624088508247,-0.499192212102652,0.6176439804906956,0.9125409973037204,Bacteria,Gemmatimonadota,BD2-11 terrestrial group,Incertae Sedis_95,Incertae sedis (Gemmatimonadota),Incertae Sedis_571,NA,Not significant,FALSE
ASV_83,173.91210834782476,1.100670820432166,2.2373996918325996,0.49194197373408655,0.6227603646463444,0.9129635572397291,Bacteria,Planctomycetota,Planctomycetes,Planctomycetales,Gimesiaceae,Incertae Sedis_743,NA,Not significant,FALSE
ASV_618,24.627374633577695,-1.3757900087282935,2.8269413812486888,-0.4866708654993734,0.6264915949237707,0.9161259001146597,Bacteria,Pseudomonadota,Alphaproteobacteria_2,Rhodobacterales_2,Paracoccaceae,NA,NA,Not significant,FALSE
ASV_117,163.14939165539818,-1.2185908768911757,2.5266561608138502,-0.48229390915567266,0.6295971734808234,0.9171248206467645,Bacteria,Planctomycetota,Planctomycetes,Pirellulales,Pirellulaceae,Mariniblastus,NA,Not significant,FALSE
ASV_82,205.82799014570853,-1.0664411613972828,2.2159006981252376,-0.48126757769404793,0.6303263372142711,0.9171248206467645,Bacteria,Planctomycetota,Planctomycetes,Pirellulales,Pirellulaceae,NA,NA,Not significant,FALSE
ASV_892,18.86965909313076,-1.4314760126709938,3.044477235927884,-0.470187786519847,0.6382208592851188,0.923991393293381,Bacteria,Pseudomonadota,Gammaproteobacteria_2,Pseudomonadales_2,Halieaceae_2,NA,NA,Not significant,FALSE
ASV_382,38.82763546369912,1.4054189345798207,2.9889039826402617,0.4702121388785255,0.6382034623620518,0.923991393293381,NA,Unclassified phylum,NA,NA,Unclassified family,NA,NA,Not significant,FALSE
ASV_391,36.816944631683754,1.3300282095746916,2.8544506358106636,0.4659489265250382,0.6412520588387653,0.9260761743031302,Bacteria,Pseudomonadota,Gammaproteobacteria_2,Salinisphaerales_2,Salinisphaeraceae_2,Salinisphaera_2,NA,Not significant,FALSE
ASV_597,26.412597368302748,-1.3938802378063708,3.0484661103368413,-0.45723986665948324,0.6474986463385091,0.9304795362197834,Bacteria,Acidobacteriota,Thermoanaerobaculia,Thermoanaerobaculales,Thermoanaerobaculaceae,Subgroup 10,NA,Not significant,FALSE
ASV_183,71.11527905329592,-1.035377332054792,2.2632053390367566,-0.45748271895446274,0.64732412057227,0.9304795362197834,NA,Unclassified phylum,NA,NA,Unclassified family,NA,NA,Not significant,FALSE
ASV_360,51.40768547366599,-1.3635530643536038,3.042033963007935,-0.4482372915407345,0.6539819519972756,0.9328573709424707,Bacteria,Planctomycetota,Planctomycetes,Pirellulales,Pirellulaceae,NA,NA,Not significant,FALSE
ASV_259,44.19946198714535,1.3624734169974784,3.0434084134808312,0.447680111207677,0.6543840774386684,0.9328573709424707,Archaea,Thermoproteota,Nitrososphaeria_2,Nitrosopumilales_2,Nitrosopumilaceae_2,NA,NA,Not significant,FALSE
ASV_495,28.373151234882666,1.267883566087951,2.8529948604885957,0.4444044339676157,0.6567502083004532,0.9328573709424707,Bacteria,Planctomycetota,Planctomycetes,NA,Unclassified family,NA,NA,Not significant,FALSE
ASV_130,30.66737749708901,-1.1392395716452974,2.527513280602724,-0.45073534544341876,0.6521803046227448,0.9328573709424707,Bacteria,Thermodesulfobacteriota,Desulfuromonadia_2,PB19_2,Incertae sedis (Thermodesulfobacteriota),Incertae Sedis_1017,NA,Not significant,FALSE
ASV_375,47.61777200246195,-1.0856216397633074,2.468403539280177,-0.43980719622525366,0.6600767551882515,0.9328573709424707,NA,Unclassified phylum,NA,NA,Unclassified family,NA,NA,Not significant,FALSE
ASV_245,67.36107816842761,-0.8401528793872027,1.8947831046342494,-0.44340319339578327,0.6574741264970358,0.9328573709424707,Bacteria,Pseudomonadota,Gammaproteobacteria_2,NA,Unclassified family,NA,NA,Not significant,FALSE
ASV_101,164.40613680586824,0.7179289840034696,1.6421572963835394,0.4371864897379425,0.6619761068715471,0.9328573709424707,Bacteria,Latescibacterota,Incertae Sedis_30,Incertae Sedis_102,Incertae sedis (Latescibacterota),Incertae Sedis_592,NA,Not significant,FALSE
ASV_135,124.22624848498187,0.7003433223677258,1.5993819909891689,0.437883711529467,0.6614705837801316,0.9328573709424707,NA,Unclassified phylum,NA,NA,Unclassified family,NA,NA,Not significant,FALSE
ASV_655,27.389350992130844,1.282260633369475,2.9899114224449987,0.4288624150346591,0.6680233536854165,0.9348945683757607,Bacteria,Planctomycetota,Planctomycetes,Pirellulales,Pirellulaceae,Bythopirellula,NA,Not significant,FALSE
ASV_460,25.976982621940177,1.2821229087685304,2.9916742996723773,0.4285636671441599,0.6682407911414372,0.9348945683757607,Bacteria,Actinomycetota,Acidimicrobiia_2,Microtrichales_2,Microtrichaceae_2,Sva0996 marine group_2,NA,Not significant,FALSE
ASV_113,149.18102742067785,-0.9436033878454044,2.20008975465565,-0.4288931330408807,0.6680009978008197,0.9348945683757607,Bacteria,Planctomycetota,Planctomycetes,Planctomycetales,Gimesiaceae,Incertae Sedis_743,NA,Not significant,FALSE
ASV_849,19.651228485287067,1.266499484874501,2.9916448917738845,0.42334552752467053,0.6720431818502344,0.9379595487693918,Bacteria,Pseudomonadota,Gammaproteobacteria_2,JTB23_2,Incertae sedis (Pseudomonadota),Incertae Sedis_919,NA,Not significant,FALSE
ASV_119,147.90301277505367,-0.9260325629599858,2.22357806537144,-0.4164605584941744,0.6770730228427357,0.9419413587636696,Bacteria,Bacteroidota,Bacteroidia,Flavobacteriales,Flavobacteriaceae,Aquibacter,NA,Not significant,FALSE
ASV_198,77.10289157762263,0.7777993500957207,1.874160624873274,0.4150121071657417,0.6781330400721264,0.9419413587636696,Bacteria,Planctomycetota,Planctomycetes,Pirellulales,Pirellulaceae,NA,NA,Not significant,FALSE
ASV_319,43.310635620171965,1.1768520012553505,2.8584048341242543,0.41171634864517337,0.6805473406385327,0.9430441720276811,Bacteria,Planctomycetota,Planctomycetes,Pirellulales,Pirellulaceae,NA,NA,Not significant,FALSE
ASV_768,17.391774796401275,1.1304066337524372,2.8340212201885437,0.398870208063309,0.689988841929065,0.9538563087950493,Bacteria,Unclassified phylum,NA,NA,Unclassified family,NA,NA,Not significant,FALSE
ASV_217,52.51371008117076,1.197213390205279,3.0433360967575878,0.39338848952003913,0.6940325698365148,0.9544289799186907,Bacteria,Planctomycetota,Planctomycetes,Pirellulales,Pirellulaceae,NA,NA,Not significant,FALSE
ASV_358,49.901546065371015,-1.1946610531211657,3.099603242002473,-0.385423862297087,0.6999234060568452,0.9544289799186907,Bacteria,Bacteroidota,Bacteroidia,Chitinophagales,Saprospiraceae,Portibacter,NA,Not significant,FALSE
ASV_332,37.379095362787,1.157487836034864,3.0433087414087323,0.3803386164162459,0.7036940737343984,0.9544289799186907,Bacteria,Latescibacterota,Incertae Sedis_30,Incertae Sedis_102,Incertae sedis (Latescibacterota),Incertae Sedis_592,NA,Not significant,FALSE
ASV_492,19.335076617247427,-1.0658245201595067,2.833477196007352,-0.37615426080060155,0.7068022170875528,0.9544289799186907,NA,Unclassified phylum,NA,NA,Unclassified family,NA,NA,Not significant,FALSE
ASV_471,34.29989207877337,-1.0525662075655744,2.6611286375426926,-0.3955337568865226,0.692449013937074,0.9544289799186907,Bacteria,Planctomycetota,Planctomycetes,Pirellulales,Pirellulaceae,NA,NA,Not significant,FALSE
ASV_555,27.279474444293974,0.9943136481680923,2.6233253425672527,0.37902795815445134,0.7046671025205413,0.9544289799186907,Bacteria,Pseudomonadota,Gammaproteobacteria_2,NA,Unclassified family,NA,NA,Not significant,FALSE
ASV_262,43.52928759701347,0.9574456240294794,2.532093277011709,0.37812415234537666,0.7053383670075588,0.9544289799186907,NA,Unclassified phylum,NA,NA,Unclassified family,NA,NA,Not significant,FALSE
ASV_120,115.66501523544186,0.8222955393901042,2.1737546124134757,0.3782835167752105,0.7052199889752488,0.9544289799186907,Bacteria,Planctomycetota,Planctomycetes,Pirellulales,Pirellulaceae,Bremerella,NA,Not significant,FALSE
ASV_74,174.0670354620346,0.8189328969948092,2.1671193887548914,0.37789006975998835,0.7055122596201198,0.9544289799186907,Bacteria,Pseudomonadota,Gammaproteobacteria_2,NA,Unclassified family,NA,NA,Not significant,FALSE
ASV_173,106.76318772966049,-0.7701690157028392,2.0152836411774437,-0.38216407852785556,0.7023396644584847,0.9544289799186907,NA,Unclassified phylum,NA,NA,Unclassified family,NA,NA,Not significant,FALSE
ASV_878,17.204178686727115,1.1090964054456063,3.008627417537397,0.36863866857712047,0.7123970690493533,0.9553343184025891,NA,Unclassified phylum,NA,NA,Unclassified family,NA,NA,Not significant,FALSE
ASV_431,36.07022940245595,0.944312694272699,2.5551392602011243,0.36957386588720365,0.7117000265166168,0.9553343184025891,Bacteria,Unclassified phylum,NA,NA,Unclassified family,NA,NA,Not significant,FALSE
ASV_371,47.64354041577305,-0.9188340668915232,2.4639375034427946,-0.3729128947498306,0.7092132745493849,0.9553343184025891,Bacteria,Planctomycetota,Planctomycetes,Pirellulales,Pirellulaceae,Bythopirellula,NA,Not significant,FALSE
ASV_441,26.661571969913794,1.1069019572980596,3.0439458698365853,0.36364048660217596,0.7161264896705486,0.9563309345136719,Bacteria,Actinomycetota,Acidimicrobiia_2,Actinomarinales_2,Incertae sedis (Actinomycetota),Incertae Sedis_120,NA,Not significant,FALSE
ASV_820,18.520520936498773,-1.069435660445467,2.991206673591821,-0.35752650256068585,0.7206976893270858,0.9563309345136719,Bacteria,Myxococcota,Polyangiia,Polyangiales_2,Eel-36e1D6_2,Incertae Sedis_615,NA,Not significant,FALSE
ASV_246,32.30630337341338,-1.0586192229284277,3.0430462842745665,-0.34788140699634235,0.727929249236599,0.9563309345136719,Bacteria,Planctomycetota,Planctomycetes,Pirellulales,Pirellulaceae,NA,NA,Not significant,FALSE
ASV_434,43.06376645701857,-1.0290371476843014,3.0427708001988405,-0.3381908185845136,0.7352193943768186,0.9563309345136719,Bacteria,Actinomycetota,Acidimicrobiia_2,Microtrichales_2,Microtrichaceae_2,Sva0996 marine group_2,NA,Not significant,FALSE
ASV_628,24.971251810254678,1.0108028724790004,3.043492812834907,0.3321193558323119,0.7397991350472002,0.9563309345136719,NA,Unclassified phylum,NA,NA,Unclassified family,NA,NA,Not significant,FALSE
ASV_374,31.948398162782357,1.0103517523652534,3.0443397420672462,0.3318787776554723,0.7399807959997052,0.9563309345136719,Bacteria,Bacteroidota,Bacteroidia,Chitinophagales,Saprospiraceae,Incertae Sedis_330,NA,Not significant,FALSE
ASV_194,68.8808831795319,-1.0088486995716048,2.9371590064003485,-0.34347772707341606,0.7312390940094211,0.9563309345136719,Bacteria,Verrucomicrobiota,Verrucomicrobiia,Verrucomicrobiales_2,DEV007_2,Incertae Sedis_1063,NA,Not significant,FALSE
ASV_356,48.84483551121803,-1.004664984581456,2.988246974524531,-0.3362054720196985,0.7367159267758461,0.9563309345136719,Bacteria,Planctomycetota,Planctomycetes,Pirellulales,Pirellulaceae,Blastopirellula,NA,Not significant,FALSE
ASV_758,22.280259793956475,-0.9834911438480466,2.94046540417765,-0.33446785071871854,0.7380265467749396,0.9563309345136719,Bacteria,Pseudomonadota,Gammaproteobacteria_2,Pseudomonadales_2,OM182 clade_2,Incertae Sedis_949,NA,Not significant,FALSE
ASV_476,31.03433911546511,0.9664034865878894,2.8360399114049617,0.34075806997692687,0.7332857185119042,0.9563309345136719,Bacteria,Actinomycetota,Acidimicrobiia_2,Microtrichales_2,Microtrichaceae_2,Sva0996 marine group_2,NA,Not significant,FALSE
ASV_505,20.41344144702919,0.9598268182896919,2.837100669752087,0.33831256977341023,0.7351276523052774,0.9563309345136719,NA,Unclassified phylum,NA,NA,Unclassified family,NA,NA,Not significant,FALSE
ASV_576,25.970719185544603,0.9017290923343602,2.713277108366903,0.33233947596200475,0.7396329347127844,0.9563309345136719,Bacteria,Unclassified phylum,NA,NA,Unclassified family,NA,NA,Not significant,FALSE
ASV_174,82.75450693140408,-0.8825374028121122,2.670867388521522,-0.33043100777109236,0.7410743152331031,0.9563309345136719,Bacteria,Bacteroidota,Bacteroidia,Chitinophagales,Saprospiraceae,NA,NA,Not significant,FALSE
ASV_252,66.17261073462886,-0.771046156364437,2.1740709497189785,-0.35465547086405014,0.7228477141624403,0.9563309345136719,Bacteria,Actinomycetota,Acidimicrobiia_2,Microtrichales_2,Microtrichaceae_2,Sva0996 marine group_2,NA,Not significant,FALSE
ASV_80,194.54826647265213,-0.7507615840644573,2.2527904698981183,-0.3332585049946568,0.7389391589877838,0.9563309345136719,Bacteria,Planctomycetota,Planctomycetes,Pirellulales,Pirellulaceae,NA,NA,Not significant,FALSE
ASV_72,219.05269092415855,0.750380014941731,2.197970434807197,0.34139677361381493,0.7328049036549356,0.9563309345136719,NA,Unclassified phylum,NA,NA,Unclassified family,NA,NA,Not significant,FALSE
ASV_157,92.26386060267251,-0.6765914066495685,1.8926050200785745,-0.35749213357865806,0.7207234141568312,0.9563309345136719,Bacteria,Pseudomonadota,Alphaproteobacteria_2,Hyphomicrobiales,Rhizobiaceae_2,NA,NA,Not significant,FALSE
ASV_609,22.687861516966144,-0.8719888982181737,2.6729793314956023,-0.3262235842767527,0.7442551989175025,0.9583108977212088,Bacteria,Planctomycetota,Phycisphaerae,Phycisphaerales,Phycisphaeraceae,Urania-1B-19 marine sediment group,NA,Not significant,FALSE
ASV_281,65.88753287290517,0.9678439941502858,2.9891922754146094,0.3237811104058347,0.7461037581997665,0.9585703913295013,NA,Unclassified phylum,NA,NA,Unclassified family,NA,NA,Not significant,FALSE
ASV_541,23.27822890913347,0.9641112530192745,3.0437476750349077,0.3167513723055961,0.7514322648320918,0.9611726991918185,NA,Unclassified phylum,NA,NA,Unclassified family,NA,NA,Not significant,FALSE
ASV_160,96.25757794679136,-0.5976125466238742,1.8774021128668703,-0.3183188846588093,0.7502430608618473,0.9611726991918185,Bacteria,Planctomycetota,Pla3 lineage,Incertae Sedis_135,Incertae sedis (Planctomycetota),Incertae Sedis_737,NA,Not significant,FALSE
ASV_477,25.700373913923265,0.9069403179810719,3.0444230831325974,0.2979021946738967,0.7657778128566817,0.9683426362561923,NA,Unclassified phylum,NA,NA,Unclassified family,NA,NA,Not significant,FALSE
ASV_447,22.75846695551305,-0.8443606486355228,2.939755944417616,-0.28722134238350727,0.7739428456232978,0.9683426362561923,NA,Unclassified phylum,NA,NA,Unclassified family,NA,NA,Not significant,FALSE
ASV_357,30.419419925756003,0.8113306574322747,3.0424081240149055,0.26667384005062555,0.7897202973290569,0.9683426362561923,Bacteria,Acidobacteriota,NA,NA,Unclassified family,NA,NA,Not significant,FALSE
ASV_16,30.762139144365932,-0.8104112901279459,3.099678514618328,-0.2614501104891951,0.7937454178294935,0.9683426362561923,Bacteria,Pseudomonadota,Alphaproteobacteria_2,Pelagibacterales,Clade I_2,NA,NA,Not significant,FALSE
ASV_474,35.142000584157245,-0.809951220635732,3.0995596641810317,-0.2613117050126983,0.793852140784338,0.9683426362561923,Bacteria,Pseudomonadota,Gammaproteobacteria_2,NA,Unclassified family,NA,NA,Not significant,FALSE
ASV_324,28.229951094400487,-0.8086135301083324,3.0476570374396674,-0.2653230072067582,0.7907606422569827,0.9683426362561923,NA,Unclassified phylum,NA,NA,Unclassified family,NA,NA,Not significant,FALSE
ASV_840,18.206144190074372,0.7879866810897483,2.8423407635482003,0.27723160121943824,0.7816022759612258,0.9683426362561923,Bacteria,Patescibacteria,Gracilibacteria,Incertae Sedis_123,Incertae sedis (Patescibacteria),Incertae Sedis_649,NA,Not significant,FALSE
ASV_650,22.188612011116103,0.7672322860121554,3.042912819326713,0.25213745235787477,0.8009348221006016,0.9683426362561923,Bacteria,Unclassified phylum,NA,NA,Unclassified family,NA,NA,Not significant,FALSE
ASV_377,52.600070359692936,-0.7643276243456059,2.7166688692357837,-0.2813473636780091,0.7784439857976446,0.9683426362561923,Bacteria,Actinomycetota,Acidimicrobiia_2,Actinomarinales_2,Incertae sedis (Actinomycetota),Incertae Sedis_120,NA,Not significant,FALSE
ASV_925,17.03000447365096,-0.7601377625400245,2.9928821736668225,-0.25398185375561183,0.7995095771417939,0.9683426362561923,NA,Unclassified phylum,NA,NA,Unclassified family,NA,NA,Not significant,FALSE
ASV_607,24.14625392910564,0.7595574824607828,2.5275015548807986,0.3005171177813993,0.7637827413922893,0.9683426362561923,Bacteria,Planctomycetota,OM190,Incertae Sedis_134,Incertae sedis (Planctomycetota),Incertae Sedis_714,NA,Not significant,FALSE
ASV_468,39.2261848645305,-0.7535396910348781,3.099589630836405,-0.24310950183155056,0.8079205706016028,0.9683426362561923,NA,Unclassified phylum,NA,NA,Unclassified family,NA,NA,Not significant,FALSE
ASV_341,47.02924782508183,-0.7493860022726739,2.9881324456221074,-0.250787411839992,0.8019784745217403,0.9683426362561923,Bacteria,Bacteroidota,Bacteroidia,Chitinophagales,Saprospiraceae,Incertae Sedis_330,NA,Not significant,FALSE
ASV_709,19.778038286967824,-0.747009449459639,2.616632426332296,-0.2854850539732528,0.7752725533880869,0.9683426362561923,Bacteria,Unclassified phylum,NA,NA,Unclassified family,NA,NA,Not significant,FALSE
ASV_222,89.04662710167867,-0.7467251808953708,2.465654442226734,-0.3028507028831675,0.7620036414152498,0.9683426362561923,Bacteria,Planctomycetota,Planctomycetes,Planctomycetales,Rubinisphaeraceae,Incertae Sedis_745,NA,Not significant,FALSE
ASV_782,18.471955127199532,-0.7290661769009881,3.0997176672902524,-0.23520405893557775,0.8140503557853898,0.9683426362561923,Bacteria,Pseudomonadota,Gammaproteobacteria_2,Incertae Sedis_143,Incertae sedis (Pseudomonadota),Incertae Sedis_916,NA,Not significant,FALSE
ASV_658,22.69240453905115,-0.7209204614386259,2.991189733706505,-0.2410146214781581,0.8095437842138626,0.9683426362561923,NA,Unclassified phylum,NA,NA,Unclassified family,NA,NA,Not significant,FALSE
ASV_159,46.47314211863943,-0.7164486993199064,2.5394774131418725,-0.2821244621481029,0.777848076699612,0.9683426362561923,NA,Unclassified phylum,NA,NA,Unclassified family,NA,NA,Not significant,FALSE
ASV_301,52.982142061800246,-0.7160485242941932,2.988184949567434,-0.2396265747867606,0.8106197612048007,0.9683426362561923,Bacteria,Planctomycetota,Planctomycetes,Planctomycetales,Rubinisphaeraceae,Incertae Sedis_745,NA,Not significant,FALSE
ASV_828,21.262432762589363,0.7151010714223063,3.043940458524128,0.23492610357070753,0.8142660887549549,0.9683426362561923,NA,Unclassified phylum,NA,NA,Unclassified family,NA,NA,Not significant,FALSE
ASV_459,39.46194455436621,-0.6988850072547126,2.7293241519934135,-0.2560652265302634,0.7979004722090857,0.9683426362561923,NA,Unclassified phylum,NA,NA,Unclassified family,NA,NA,Not significant,FALSE
ASV_681,22.755968207229543,0.6954492310563176,2.542135753758169,0.273568880036481,0.7844159520591488,0.9683426362561923,NA,Unclassified phylum,NA,NA,Unclassified family,NA,NA,Not significant,FALSE
ASV_566,20.04850336833068,0.6490943481402499,2.8301798950756005,0.2293473815108531,0.8185989296186369,0.9683426362561923,Bacteria,Planctomycetota,Planctomycetes,Planctomycetales,Gimesiaceae,Incertae Sedis_743,NA,Not significant,FALSE
ASV_256,54.600353577210946,0.6410865334521857,2.6201218469248375,0.2446781374708244,0.8067056573513566,0.9683426362561923,NA,Unclassified phylum,NA,NA,Unclassified family,NA,NA,Not significant,FALSE
ASV_42,327.2629019612324,0.6102564643020166,2.224177483002048,0.27437399621469627,0.7837972245058741,0.9683426362561923,Bacteria,Pseudomonadota,Gammaproteobacteria_2,NA,Unclassified family,NA,NA,Not significant,FALSE
ASV_166,98.03807542760383,-0.6039337887794556,2.1883180059615586,-0.275980815920803,0.7825628009149399,0.9683426362561923,Bacteria,Verrucomicrobiota,Verrucomicrobiia,Verrucomicrobiales_2,Rubritaleaceae_2,Roseibacillus_2,NA,Not significant,FALSE
ASV_230,78.27186922722117,-0.5875363885126758,2.49968388927563,-0.23504427541153403,0.8141743688455295,0.9683426362561923,NA,Unclassified phylum,NA,NA,Unclassified family,NA,NA,Not significant,FALSE
ASV_316,51.033132262091954,0.5849923318285954,2.241912098987131,0.26093455318470693,0.7941429780338535,0.9683426362561923,Bacteria,Planctomycetota,BD7-11,Incertae Sedis_132,Incertae sedis (Planctomycetota),Incertae Sedis_708,NA,Not significant,FALSE
ASV_386,38.31810158883548,-0.5849720263694919,2.2269475433979236,-0.26267885299037136,0.7927981174238341,0.9683426362561923,Bacteria,Planctomycetota,Planctomycetes,NA,Unclassified family,NA,NA,Not significant,FALSE
ASV_526,31.91943968058533,-0.5842828944522024,2.5055249046111343,-0.23319779954168326,0.8156078144650507,0.9683426362561923,Bacteria,Planctomycetota,Planctomycetes,Pirellulales,Pirellulaceae,NA,NA,Not significant,FALSE
ASV_104,141.41451877655402,0.5778826227477268,2.2269202151374063,0.2594985751261278,0.7952505812633741,0.9683426362561923,NA,Unclassified phylum,NA,NA,Unclassified family,NA,NA,Not significant,FALSE
ASV_71,215.01090252925385,-0.5579571237329956,2.231233320321345,-0.25006668672939947,0.802535777799933,0.9683426362561923,Bacteria,Planctomycetota,Planctomycetes,Pirellulales,Pirellulaceae,NA,NA,Not significant,FALSE
ASV_170,100.96892786643433,-0.5277931214224453,2.2428659440644063,-0.2353208504588579,0.8139597131285194,0.9683426362561923,Bacteria,Pseudomonadota,Gammaproteobacteria_2,Steroidobacterales_2,Woeseiaceae_2,Woeseia_2,NA,Not significant,FALSE
ASV_92,138.64932941227804,0.5110978027562761,1.9243797779995107,0.26559092368325965,0.7905542764777821,0.9683426362561923,Bacteria,Entotheonellaeota,Entotheonellia,Entotheonellales,Entotheonellaceae,Candidatus Entotheonella,NA,Not significant,FALSE
ASV_61,180.71926759238067,0.5101101549024524,2.2087870071291857,0.2309458328286053,0.817356883580912,0.9683426362561923,Bacteria,Planctomycetota,Planctomycetes,Pirellulales,Pirellulaceae,NA,NA,Not significant,FALSE
ASV_536,33.43434165624647,0.5061751065868947,2.168777182579117,0.233391936549678,0.8154570740073572,0.9683426362561923,NA,Unclassified phylum,NA,NA,Unclassified family,NA,NA,Not significant,FALSE
ASV_142,115.55358818846304,-0.42639910429876215,1.5996453087863616,-0.26655853141736013,0.7898090877571645,0.9683426362561923,Bacteria,Bacteroidota,Bacteroidia,Chitinophagales,Saprospiraceae,NA,NA,Not significant,FALSE
ASV_714,22.21241152933999,-0.6550428254880443,2.9400986575896497,-0.2227962057657824,0.8236941211559912,0.9723934655431782,Bacteria,NB1-j,Incertae Sedis_36,Incertae Sedis_110,Incertae sedis (NB1-j),Incertae Sedis_623,NA,Not significant,FALSE
ASV_554,29.73363731332763,-0.629509345001407,2.9381396642072146,-0.21425439800230353,0.8303486773761681,0.9782650409573478,Bacteria,Pseudomonadota,Gammaproteobacteria_2,NA,Unclassified family,NA,NA,Not significant,FALSE
ASV_248,55.72838788461371,0.6292650796395188,3.0423030274409797,0.20683839642654614,0.8361360684913866,0.9824547741650788,Bacteria,Planctomycetota,Planctomycetes,Planctomycetales,Rubinisphaeraceae,Incertae Sedis_745,NA,Not significant,FALSE
ASV_596,17.788400300731176,0.6164087223622331,3.0452556658716534,0.20241608258720584,0.8395914565372868,0.9824547741650788,Bacteria,Verrucomicrobiota,Lentisphaeria,Victivallales,Arctic95B-14,Incertae Sedis_1037,NA,Not significant,FALSE
ASV_577,21.50888202550036,0.6101419041187242,3.042854464388695,0.20051629522850045,0.8410768150322627,0.9824547741650788,NA,Unclassified phylum,NA,NA,Unclassified family,NA,NA,Not significant,FALSE
ASV_719,19.098280578827573,-0.5894172486498508,3.0996877157459535,-0.19015375182980487,0.8491886505206789,0.9824547741650788,NA,Unclassified phylum,NA,NA,Unclassified family,NA,NA,Not significant,FALSE
ASV_154,74.95604309085061,0.5763940810145657,3.041798939885726,0.18949118347586102,0.8497078644915123,0.9824547741650788,Bacteria,Planctomycetota,Planctomycetes,Planctomycetales,Rubinisphaeraceae,Fuerstia,NA,Not significant,FALSE
ASV_702,17.684146601655026,0.5704464248265535,2.991912863699335,0.19066278023927075,0.8487898007576062,0.9824547741650788,Bacteria,Pseudomonadota,Alphaproteobacteria_2,Hyphomicrobiales,Hyphomicrobiaceae_2,Filomicrobium_2,NA,Not significant,FALSE
ASV_304,51.96168102845497,0.5600929555354903,2.756017735237897,0.2032254540216678,0.8389588185055828,0.9824547741650788,NA,Unclassified phylum,NA,NA,Unclassified family,NA,NA,Not significant,FALSE
ASV_294,39.564654470678704,0.5505923247863165,3.042135136277218,0.18098877930192747,0.8563763833877944,0.9824547741650788,Bacteria,Unclassified phylum,NA,NA,Unclassified family,NA,NA,Not significant,FALSE
ASV_850,17.168136201305764,-0.5422801427732834,2.8468607234097787,-0.19048355204527767,0.8489302307936931,0.9824547741650788,Bacteria,Bacteroidota,Bacteroidia,Flavobacteriales,Flavobacteriaceae,NA,NA,Not significant,FALSE
ASV_238,58.51566276329716,0.5308119551411214,3.04228907712215,0.1744778164352621,0.8614899632818143,0.9824547741650788,Archaea,Thermoproteota,Nitrososphaeria_2,Nitrosopumilales_2,Nitrosopumilaceae_2,Candidatus Nitrosopumilus_2,NA,Not significant,FALSE
ASV_716,20.113301306700997,-0.5204485797581156,2.990092375940632,-0.17405769264716825,0.8618201219714291,0.9824547741650788,Bacteria,Planctomycetota,Planctomycetes,Pirellulales,Pirellulaceae,Bremerella,NA,Not significant,FALSE
ASV_657,28.478271564179725,-0.5175487359076627,3.0423482016350856,-0.17011489205262906,0.8649197820530646,0.9824547741650788,Bacteria,Planctomycetota,Planctomycetes,Pirellulales,Pirellulaceae,Blastopirellula,NA,Not significant,FALSE
ASV_662,30.056025694149707,-0.5151471013069522,3.044666181768175,-0.1691965787223948,0.8656420207790688,0.9824547741650788,Bacteria,Pseudomonadota,Gammaproteobacteria_2,Pseudomonadales_2,Unclassified family,NA,NA,Not significant,FALSE
ASV_825,18.246617242381884,0.5040535055675837,2.559020363405615,0.19697127571770293,0.8438500160691854,0.9824547741650788,NA,Unclassified phylum,NA,NA,Unclassified family,NA,NA,Not significant,FALSE
ASV_875,19.299118060353234,-0.5038220449377608,3.0427458519493102,-0.16558137598478406,0.8684864047665957,0.9824547741650788,NA,Unclassified phylum,NA,NA,Unclassified family,NA,NA,Not significant,FALSE
ASV_949,17.35728164315078,-0.4991172724817711,3.0429075426956347,-0.16402643375737133,0.8697103345035206,0.9824547741650788,Bacteria,Planctomycetota,OM190,Incertae Sedis_134,Incertae sedis (Planctomycetota),Incertae Sedis_714,NA,Not significant,FALSE
ASV_805,20.837191055059417,-0.49750237068409536,3.042978330518752,-0.16349192029878293,0.8701311342301004,0.9824547741650788,Bacteria,Acidobacteriota,Acidobacteriae,NA,Unclassified family,NA,NA,Not significant,FALSE
ASV_593,28.284986442626195,-0.49744798138243423,2.808206913815417,-0.17714078650513979,0.8593978054823969,0.9824547741650788,NA,Unclassified phylum,NA,NA,Unclassified family,NA,NA,Not significant,FALSE
ASV_682,19.918888944852878,-0.4946839657786697,3.0428371563900347,-0.16257326315994955,0.8708544397983224,0.9824547741650788,Bacteria,Bacteroidota,Bacteroidia,Chitinophagales,Saprospiraceae,Portibacter,NA,Not significant,FALSE
ASV_620,23.207339719758934,-0.48294429243455866,3.0996230261749522,-0.1558074283086384,0.8761848151955393,0.9824547741650788,Bacteria,Verrucomicrobiota,Verrucomicrobiia,Verrucomicrobiales_2,Rubritaleaceae_2,Roseibacillus_2,NA,Not significant,FALSE
ASV_258,67.50087644784004,-0.46892915229028087,2.5617066253468805,-0.1830534174563347,0.8547561055835122,0.9824547741650788,Bacteria,Bacteroidota,Bacteroidia,Chitinophagales,Saprospiraceae,Portibacter,NA,Not significant,FALSE
ASV_815,18.73351518903827,-0.4444842636721489,2.8587424668343293,-0.15548244335711536,0.8764409937931843,0.9824547741650788,NA,Unclassified phylum,NA,NA,Unclassified family,NA,NA,Not significant,FALSE
ASV_839,18.67703105278647,0.44333168682971463,2.852196033331928,0.15543520909809824,0.8764782286144833,0.9824547741650788,NA,Unclassified phylum,NA,NA,Unclassified family,NA,NA,Not significant,FALSE
ASV_334,45.1639041210518,0.4292205565449163,3.0422103195065935,0.14108839017235675,0.8878001152066095,0.9824547741650788,Bacteria,Planctomycetota,Planctomycetes,Pirellulales,Pirellulaceae,NA,NA,Not significant,FALSE
ASV_542,25.4555803239382,-0.42718179437484893,3.0426102544105462,-0.14039977475117268,0.8883441358128459,0.9824547741650788,Bacteria,Pseudomonadota,Gammaproteobacteria_2,NA,Unclassified family,NA,NA,Not significant,FALSE
ASV_511,22.69711807444426,-0.42529410308571935,3.0428798892486677,-0.13976697029297822,0.8888441109727443,0.9824547741650788,NA,Unclassified phylum,NA,NA,Unclassified family,NA,NA,Not significant,FALSE
ASV_519,27.032094001061377,-0.424072424043705,3.0424368303372433,-0.1393857778130756,0.8891453103123788,0.9824547741650788,Archaea,Thermoproteota,Nitrososphaeria_2,Nitrosopumilales_2,Nitrosopumilaceae_2,NA,NA,Not significant,FALSE
ASV_548,16.68732420553253,-0.42337429895828954,3.04351572523362,-0.1391069858611594,0.8893656079826177,0.9824547741650788,Bacteria,Unclassified phylum,NA,NA,Unclassified family,NA,NA,Not significant,FALSE
ASV_410,26.397736718240015,-0.4224022722136299,3.043324942515236,-0.13879631002022558,0.8896111099398566,0.9824547741650788,NA,Unclassified phylum,NA,NA,Unclassified family,NA,NA,Not significant,FALSE
ASV_129,115.73116627500812,0.34738679781142096,2.2216044374189075,0.15636752968274586,0.8757433298722799,0.9824547741650788,Bacteria,Planctomycetota,Planctomycetes,Planctomycetales,Unclassified family,NA,NA,Not significant,FALSE
ASV_500,28.87290592518157,0.342932921992857,2.410294740549693,0.1422784177484649,0.8868600932293151,0.9824547741650788,Bacteria,Bacteroidota,Bacteroidia,Chitinophagales,Saprospiraceae,NA,NA,Not significant,FALSE
ASV_114,122.3466776543725,-0.2826560306435266,1.88600885908753,-0.14986993792822292,0.8808672298582947,0.9824547741650788,NA,Unclassified phylum,NA,NA,Unclassified family,NA,NA,Not significant,FALSE
ASV_31,444.422716843697,0.2627379594444045,1.7138984167618443,0.15329844340530327,0.8781629281494845,0.9824547741650788,Bacteria,Planctomycetota,Planctomycetes,Planctomycetales,Unclassified family,NA,NA,Not significant,FALSE
ASV_339,25.269739101214583,0.4022604080312289,3.099660118753749,0.12977565043259062,0.8967439281139068,0.9847263512496108,Bacteria,Pseudomonadota,Gammaproteobacteria_2,Pseudomonadales_2,Alcanivoracaceae1_2,Alcanivorax_2,NA,Not significant,FALSE
ASV_947,18.26813886609945,-0.4007952286301808,3.0428534601997916,-0.13171690121543508,0.8952082167584399,0.9847263512496108,Bacteria,Planctomycetota,Phycisphaerae,Phycisphaerales,Phycisphaeraceae,Urania-1B-19 marine sediment group,NA,Not significant,FALSE
ASV_62,238.009636944035,0.25088329619205896,1.9006494707260466,0.13199871941469657,0.8949853046452317,0.9847263512496108,Archaea,Thermoproteota,Nitrososphaeria_2,Nitrosopumilales_2,Nitrosopumilaceae_2,NA,NA,Not significant,FALSE
ASV_278,42.615167970534294,0.3771690604523093,3.042100934823376,0.12398308554946343,0.9013286674987273,0.9860400084290587,NA,Unclassified phylum,NA,NA,Unclassified family,NA,NA,Not significant,FALSE
ASV_631,21.993392015644023,0.33074301546924406,2.6607111445031646,0.12430624652831444,0.9010728016497689,0.9860400084290587,Bacteria,Planctomycetota,OM190,Incertae Sedis_134,Incertae sedis (Planctomycetota),Incertae Sedis_714,NA,Not significant,FALSE
ASV_417,41.76444803663189,-0.2970674995979897,2.5261865522899503,-0.1175952343379797,0.9063883811932703,0.9897148927851468,Bacteria,Planctomycetota,OM190,Incertae Sedis_134,Incertae sedis (Planctomycetota),Incertae Sedis_714,NA,Not significant,FALSE
ASV_679,19.68348281659319,0.33332104232198007,3.0429277656412346,0.10953958424042297,0.9127745269650973,0.9918099843783423,Bacteria,Pseudomonadota,Gammaproteobacteria_2,NA,Unclassified family,NA,NA,Not significant,FALSE
ASV_827,23.084620932503643,0.327479701176228,3.0429638056744928,0.1076186645945465,0.9142981907751982,0.9918099843783423,Bacteria,Pseudomonadota,Gammaproteobacteria_2,Pseudomonadales_2,Halieaceae_2,OM60(NOR5) clade_2,NA,Not significant,FALSE
ASV_454,30.59717059871863,0.3049232745110483,3.042403308867469,0.10022447504652353,0.9201661155645047,0.9918099843783423,Bacteria,Bacteroidota,Bacteroidia,Chitinophagales,Saprospiraceae,NA,NA,Not significant,FALSE
ASV_498,34.65581167506612,-0.27930156416330554,2.787702667565428,-0.10019058610982595,0.9201930196050839,0.9918099843783423,NA,Unclassified phylum,NA,NA,Unclassified family,NA,NA,Not significant,FALSE
ASV_512,28.928233039128838,0.25803635463873503,3.044151491811489,0.08476462335492536,0.9324485187562301,0.9918099843783423,NA,Unclassified phylum,NA,NA,Unclassified family,NA,NA,Not significant,FALSE
ASV_533,25.291160619837743,-0.2575705719877698,2.6892159971422287,-0.0957790568929697,0.9236960510549721,0.9918099843783423,NA,Unclassified phylum,NA,NA,Unclassified family,NA,NA,Not significant,FALSE
ASV_914,17.530737442302694,-0.24537084624438021,3.0436188595098836,-0.08061812518926646,0.9357456513068911,0.9918099843783423,Bacteria,Acidobacteriota,Vicinamibacteria,Vicinamibacterales,Incertae sedis (Acidobacteriota),Incertae Sedis_117,NA,Not significant,FALSE
ASV_429,36.76559970700756,-0.24478780038745737,2.4849311539925383,-0.0985088862498894,0.9215282160741989,0.9918099843783423,Bacteria,Bacteroidota,Bacteroidia,Flavobacteriales,Flavobacteriaceae,Gilvibacter,NA,Not significant,FALSE
ASV_944,16.87587657997259,-0.24320795544602197,3.043271095368838,-0.07991662517878503,0.9363035671407954,0.9918099843783423,Bacteria,Planctomycetota,Planctomycetes,Pirellulales,Pirellulaceae,NA,NA,Not significant,FALSE
ASV_361,44.49744004161708,-0.23997130428130786,2.1599730241340036,-0.11109921355500232,0.9115376723744278,0.9918099843783423,Bacteria,Pseudomonadota,Gammaproteobacteria_2,EPR3968-O8a-Bc78_2,Incertae sedis (Pseudomonadota),Incertae Sedis_900,NA,Not significant,FALSE
ASV_574,28.599653884856004,-0.23129239209812205,2.6617588105223473,-0.08689457180860534,0.930755314270222,0.9918099843783423,Bacteria,Pseudomonadota,Gammaproteobacteria_2,NA,Unclassified family,NA,NA,Not significant,FALSE
ASV_859,19.85514019365581,0.2079278418287718,3.0440443496663674,0.06830644298975508,0.9455416953462962,0.9918099843783423,Bacteria,Acidobacteriota,Vicinamibacteria,Subgroup 9,Incertae sedis (Acidobacteriota),Incertae Sedis_116,NA,Not significant,FALSE
ASV_326,49.9950411442753,-0.1921807121187032,2.7977075470300927,-0.06869220920632418,0.9452346197093161,0.9918099843783423,NA,Unclassified phylum,NA,NA,Unclassified family,NA,NA,Not significant,FALSE
ASV_295,50.99898177817402,0.19164862733443905,3.042111311642768,0.06299855846857459,0.949767652218114,0.9918099843783423,Bacteria,Verrucomicrobiota,Verrucomicrobiia,Verrucomicrobiales_2,Unclassified family,NA,NA,Not significant,FALSE
ASV_20,575.1188064655993,-0.19096999732051814,1.9568732879321127,-0.09758935261583643,0.922258379528851,0.9918099843783423,Bacteria,Chloroflexota,Anaerolineae_2,Ardenticatenales_2,Incertae sedis (Chloroflexota),Incertae Sedis_420,NA,Not significant,FALSE
ASV_627,23.929343545080243,0.18216333706510776,3.043608584279395,0.05985110503564859,0.9522742225648531,0.9918099843783423,Bacteria,Pseudomonadota,Alphaproteobacteria_2,Caulobacterales_2,Parvularculaceae_2,NA,NA,Not significant,FALSE
ASV_182,59.06018352097692,0.17992552343129656,3.0994742157165946,0.05805033722137224,0.9537085327929796,0.9918099843783423,NA,Unclassified phylum,NA,NA,Unclassified family,NA,NA,Not significant,FALSE
ASV_418,36.392451614390346,0.17318038458279958,2.12466873638053,0.0815093579612887,0.9350368830664447,0.9918099843783423,NA,Unclassified phylum,NA,NA,Unclassified family,NA,NA,Not significant,FALSE
ASV_250,28.73796831043351,0.1724022578183803,2.8641306364985732,0.060193573442985024,0.9520014640851248,0.9918099843783423,Bacteria,Verrucomicrobiota,Omnitrophia,Omnitrophales,Omnitrophaceae,Candidatus Omnitrophus,NA,Not significant,FALSE
ASV_623,26.664079345060994,0.16822576345656043,3.0436984344039475,0.05527018102550766,0.9559232179354881,0.9918099843783423,Bacteria,Bacteroidota,Bacteroidia,Chitinophagales,Saprospiraceae,NA,NA,Not significant,FALSE
ASV_325,44.099271988150555,0.1649035160063637,1.648429551110418,0.10003673854019487,0.9203151585852841,0.9918099843783423,NA,Unclassified phylum,NA,NA,Unclassified family,NA,NA,Not significant,FALSE
ASV_416,34.59946222458517,-0.15772062194868505,3.0422645812290146,-0.051843164109338924,0.9586536617894328,0.9918099843783423,NA,Unclassified phylum,NA,NA,Unclassified family,NA,NA,Not significant,FALSE
ASV_60,197.065411641626,0.15630649262065147,2.1658215842904966,0.07216960702321934,0.9424669321652261,0.9918099843783423,NA,Unclassified phylum,NA,NA,Unclassified family,NA,NA,Not significant,FALSE
ASV_643,18.9889523587104,-0.153187365694033,3.0996702926293573,-0.04942053548672389,0.960584163204432,0.9918099843783423,Bacteria,Planctomycetota,Planctomycetes,Pirellulales,Pirellulaceae,Bremerella,NA,Not significant,FALSE
ASV_808,17.661461930332756,0.14651737536392798,3.051635037903085,0.04801274514943524,0.9617060851617497,0.9918099843783423,Bacteria,Acidobacteriota,Subgroup 21,Incertae Sedis_28,Incertae sedis (Acidobacteriota),Incertae Sedis_109,NA,Not significant,FALSE
ASV_671,20.18700472262907,0.14581701493040544,3.045678732503096,0.04787668947951233,0.9618145171823389,0.9918099843783423,NA,Unclassified phylum,NA,NA,Unclassified family,NA,NA,Not significant,FALSE
ASV_223,61.15790017977167,0.1418439715786332,2.495750718689929,0.05683419041669756,0.9546772779310263,0.9918099843783423,Bacteria,Planctomycetota,Planctomycetes,Pirellulales,Pirellulaceae,NA,NA,Not significant,FALSE
ASV_903,18.41101307242929,-0.1415063972196095,3.099774412910377,-0.04565054690116924,0.9635887805372968,0.9918099843783423,Bacteria,Planctomycetota,Phycisphaerae,Phycisphaerales,Phycisphaeraceae,Urania-1B-19 marine sediment group,NA,Not significant,FALSE
ASV_419,38.506297929465795,0.14102924045254364,1.89401327974244,0.07446053412662539,0.9406439431603397,0.9918099843783423,NA,Unclassified phylum,NA,NA,Unclassified family,NA,NA,Not significant,FALSE
ASV_305,43.442794150444,0.13136888695610333,2.180831229900196,0.060237988687513115,0.9519660900375165,0.9918099843783423,Bacteria,Planctomycetota,NA,NA,Unclassified family,NA,NA,Not significant,FALSE
ASV_587,25.977253567058053,0.12525065987541487,2.808804730924116,0.04459215640604768,0.9644323947236654,0.9918099843783423,Bacteria,Planctomycetota,Phycisphaerae,Phycisphaerales,Phycisphaeraceae,Urania-1B-19 marine sediment group,NA,Not significant,FALSE
ASV_483,26.055199772342394,-0.1140305800297324,3.0996019491487066,-0.03678878188247702,0.9706534187557893,0.9918099843783423,Bacteria,Actinomycetota,Acidimicrobiia_2,Microtrichales_2,Microtrichaceae_2,Sva0996 marine group_2,NA,Not significant,FALSE
ASV_428,41.21879646454416,-0.1070366768051956,2.5320033875147017,-0.042273512481457574,0.9662806603826306,0.9918099843783423,Bacteria,Planctomycetota,Planctomycetes,Planctomycetales,Unclassified family,NA,NA,Not significant,FALSE
ASV_504,30.378343522527146,0.09988917597122324,3.0425151862136297,0.0328311182878709,0.9738092627775186,0.9918099843783423,Bacteria,Pseudomonadota,Gammaproteobacteria_2,Steroidobacterales_2,Woeseiaceae_2,Woeseia_2,NA,Not significant,FALSE
ASV_774,19.107894763990345,-0.09624408810671593,3.042986001619191,-0.03162817313504034,0.9747685757120478,0.9918099843783423,Bacteria,Pseudomonadota,Gammaproteobacteria_2,NA,Unclassified family,NA,NA,Not significant,FALSE
ASV_487,29.895082243649636,-0.09499354169698175,2.988977782964614,-0.03178128062322448,0.9746464749938181,0.9918099843783423,Bacteria,Verrucomicrobiota,Verrucomicrobiia,Verrucomicrobiales_2,DEV007_2,Incertae Sedis_1063,NA,Not significant,FALSE
ASV_452,42.11529568805882,0.09227968551523195,2.5336010616727993,0.0364223424560395,0.9709455992932225,0.9918099843783423,Bacteria,Planctomycetota,Phycisphaerae,Phycisphaerales,Phycisphaeraceae,Urania-1B-19 marine sediment group,NA,Not significant,FALSE
ASV_156,73.2551265895742,0.07648246756538638,1.9302409460899759,0.039623274866443146,0.9683934713475374,0.9918099843783423,Bacteria,Verrucomicrobiota,Omnitrophia,Omnitrophales,Omnitrophaceae,Candidatus Omnitrophus,NA,Not significant,FALSE
ASV_97,143.1916147607312,0.0720871581895015,1.6448737606526054,0.04382534387374557,0.9650436249989438,0.9918099843783423,Bacteria,Planctomycetota,Planctomycetes,Pirellulales,Pirellulaceae,Pir4 lineage,NA,Not significant,FALSE
ASV_181,71.44459613981252,0.07427816632616492,3.0418556537103965,0.02441870186560689,0.9805186308415625,0.9941452358091397,Bacteria,Planctomycetota,Planctomycetes,Pirellulales,Pirellulaceae,Bremerella,NA,Not significant,FALSE
ASV_600,19.055700004745304,0.06816470838412282,3.099682291133364,0.021990869380099972,0.9824552389572565,0.9941452358091397,Bacteria,Planctomycetota,Planctomycetes,Pirellulales,Pirellulaceae,NA,NA,Not significant,FALSE
ASV_353,46.030040725899184,-0.06165126020879098,2.405883681487773,-0.02562520402925984,0.9795562827602852,0.9941452358091397,Bacteria,Pseudomonadota,Alphaproteobacteria_2,Micavibrionales_2,Micavibrionaceae_2,Incertae Sedis_794,NA,Not significant,FALSE
ASV_731,24.87788478327528,-0.058412209702804724,2.9893338533796063,-0.01954020948070638,0.98441016063166,0.9941452358091397,NA,Unclassified phylum,NA,NA,Unclassified family,NA,NA,Not significant,FALSE
ASV_233,65.79163090347159,-0.04967173008733017,2.7529485876803204,-0.018043101244104374,0.9856044691784771,0.9941452358091397,Bacteria,Acidobacteriota,NA,NA,Unclassified family,NA,NA,Not significant,FALSE
ASV_314,45.992091462580596,0.028874980955174472,2.4660191464518633,0.01170914710728022,0.9906576657821806,0.9963509814409871,Bacteria,Planctomycetota,NA,NA,Unclassified family,NA,NA,Not significant,FALSE
ASV_945,18.269115092687787,-0.024497711511880547,2.9903060844585845,-0.008192375903992459,0.9934635028661853,0.9963509814409871,Bacteria,Planctomycetota,Planctomycetes,Pirellulales,Pirellulaceae,NA,NA,Not significant,FALSE
ASV_102,124.76451354924482,0.017095152541791902,2.7392807011384743,0.0062407450739484175,0.9950206381793947,0.9963509814409871,Bacteria,Planctomycetota,Planctomycetes,Planctomycetales,Rubinisphaeraceae,Fuerstia,NA,Not significant,FALSE
ASV_427,27.519384610903447,-0.015611178525456145,3.0995812462952275,-0.005036544386153903,0.9959814359841678,0.9963509814409871,Bacteria,Planctomycetota,Planctomycetes,Pirellulales,Pirellulaceae,Bremerella,NA,Not significant,FALSE
ASV_486,28.673318886628802,-0.013443929486903117,2.939603131029442,-0.004573382489967305,0.9963509814409871,0.9963509814409871,Bacteria,Myxococcota,bacteriap25,Incertae Sedis_108,Incertae sedis (Myxococcota),Incertae Sedis_602,NA,Not significant,FALSE
ASV_529,13.928624056635154,-9.102416836737113,3.024404773299512,-3.0096556245038317,0.0026154405118608655,NA,NA,Unclassified phylum,NA,NA,Unclassified family,NA,NA,Not tested or unresolved,FALSE
ASV_1108,11.47717855845191,-8.791720354823186,3.024370403125023,-2.90695886513731,0.0036496118665378446,NA,NA,Unclassified phylum,NA,NA,Unclassified family,NA,NA,Not tested or unresolved,FALSE
ASV_910,14.06844675511829,-7.142195615142116,2.917243359377842,-2.448268702774706,0.014354456033250473,NA,Bacteria,NB1-j,Incertae Sedis_36,Incertae Sedis_110,Incertae sedis (NB1-j),Incertae Sedis_623,NA,Not tested or unresolved,FALSE
ASV_1292,12.614203161762589,-6.962209045069959,2.9323526251526335,-2.3742741528937246,0.01758348948166223,NA,Bacteria,Planctomycetota,Planctomycetes,Gemmatales,Gemmataceae,Incertae Sedis_739,NA,Not tested or unresolved,FALSE
ASV_1190,12.76600644913162,-6.947952329365251,2.9286304394732725,-2.372423722610379,0.017671811567120273,NA,Bacteria,Actinomycetota,Acidimicrobiia_2,Actinomarinales_2,Incertae sedis (Actinomycetota),Incertae Sedis_120,NA,Not tested or unresolved,FALSE
ASV_865,16.182778455481046,6.685842020497517,2.8978758133582776,2.3071527046390083,0.021046308646960287,NA,Bacteria,Unclassified phylum,NA,NA,Unclassified family,NA,NA,Not tested or unresolved,FALSE
ASV_1428,10.420204403202565,-6.67712967768708,2.9616447363729095,-2.254534311858241,0.02416257462414375,NA,Bacteria,Acidobacteriota,Blastocatellia,Blastocatellales,Blastocatellaceae,Blastocatella,NA,Not tested or unresolved,FALSE
ASV_1243,12.926645224929516,-6.631833242468521,2.842853139796585,-2.3328089480355816,0.01965817483361809,NA,NA,Unclassified phylum,NA,NA,Unclassified family,NA,NA,Not tested or unresolved,FALSE
ASV_1476,9.862792312196634,-6.631199661849901,2.970759448184742,-2.2321563820664916,0.025604629089482918,NA,NA,Unclassified phylum,NA,NA,Unclassified family,NA,NA,Not tested or unresolved,FALSE
ASV_1459,10.380129431980915,-6.600157585639208,2.96083271208892,-2.2291558583134807,0.025803536394503678,NA,NA,Unclassified phylum,NA,NA,Unclassified family,NA,NA,Not tested or unresolved,FALSE
ASV_1054,14.79194312996739,-6.59622805453864,3.032789190203266,-2.174970840652641,0.029632301576536194,NA,Bacteria,Planctomycetota,vadinHA49,Incertae Sedis_140,Incertae sedis (Planctomycetota),Incertae Sedis_749,NA,Not tested or unresolved,FALSE
ASV_1509,9.621697425649083,-6.594864884268443,2.9776744860323783,-2.2147702561859988,0.02677583777115321,NA,NA,Unclassified phylum,NA,NA,Unclassified family,NA,NA,Not tested or unresolved,FALSE
ASV_753,15.039856847128805,6.560660759683265,2.9015175463834124,2.2611135913552483,0.023752223965433104,NA,Bacteria,Planctomycetota,Planctomycetes,Pirellulales,Pirellulaceae,NA,NA,Not tested or unresolved,FALSE
ASV_1052,15.124156610850214,-6.5165490627414675,3.0265113500058964,-2.1531553360038687,0.03130647253949854,NA,Bacteria,Planctomycetota,Pla4 lineage,Incertae Sedis_136,Incertae sedis (Planctomycetota),Incertae Sedis_738,NA,Not tested or unresolved,FALSE
ASV_670,15.86173721649325,-6.45728896169311,3.035252345550985,-2.1274306800744527,0.03338431526439717,NA,Bacteria,Bacteroidota,Bacteroidia,Cytophagales,Amoebophilaceae,Incertae Sedis_331,NA,Not tested or unresolved,FALSE
ASV_1163,15.552234465151919,-6.403482844468897,3.035622092837122,-2.1094466467280646,0.034906046701987034,NA,Bacteria,Latescibacterota,Incertae Sedis_30,Incertae Sedis_102,Incertae sedis (Latescibacterota),Incertae Sedis_592,NA,Not tested or unresolved,FALSE
ASV_1719,8.13699540575615,-6.348715159442914,3.0081887725488947,-2.1104776460100703,0.03481723464139112,NA,NA,Unclassified phylum,NA,NA,Unclassified family,NA,NA,Not tested or unresolved,FALSE
ASV_1154,15.970722089488245,-6.347673480414869,3.0351191165192732,-2.0914083555621668,0.03649147381524182,NA,NA,Unclassified phylum,NA,NA,Unclassified family,NA,NA,Not tested or unresolved,FALSE
ASV_1026,15.23733142764134,-6.300300146375392,3.0314359426897313,-2.078322044563892,0.03767970737142006,NA,NA,Unclassified phylum,NA,NA,Unclassified family,NA,NA,Not tested or unresolved,FALSE
ASV_1241,14.014774633691955,-6.243925445426721,3.031292097381676,-2.059823086933788,0.039415456639599014,NA,Bacteria,Planctomycetota,BD7-11,Incertae Sedis_132,Incertae sedis (Planctomycetota),Incertae Sedis_708,NA,Not tested or unresolved,FALSE
ASV_1221,14.231111330010576,-6.241292158664496,3.030862434077461,-2.0592462688146487,0.039470652841584186,NA,NA,Unclassified phylum,NA,NA,Unclassified family,NA,NA,Not tested or unresolved,FALSE
ASV_1680,8.340140854047151,-6.224563078553903,3.00373758265074,-2.072272596150309,0.038240026549008835,NA,NA,Unclassified phylum,NA,NA,Unclassified family,NA,NA,Not tested or unresolved,FALSE
ASV_649,13.846569818809323,6.173047363183803,2.9364659073100694,2.1022029739274526,0.03553549941973834,NA,NA,Unclassified phylum,NA,NA,Unclassified family,NA,NA,Not tested or unresolved,FALSE
ASV_1270,13.359199717502419,-6.137108488315786,3.0305780796427335,-2.0250619937960064,0.04286099888800955,NA,NA,Unclassified phylum,NA,NA,Unclassified family,NA,NA,Not tested or unresolved,FALSE
ASV_1446,11.94893548910311,-6.122735339065849,3.0329104250862766,-2.0187656346269036,0.04351158446697741,NA,Bacteria,Unclassified phylum,NA,NA,Unclassified family,NA,NA,Not tested or unresolved,FALSE
ASV_1523,9.699729515065828,-6.08563991670479,2.9844655961099686,-2.0391054011937593,0.04143950927273295,NA,NA,Unclassified phylum,NA,NA,Unclassified family,NA,NA,Not tested or unresolved,FALSE
ASV_863,14.942932011055253,-6.082351872492847,3.0005538467545767,-2.0270763942702006,0.042654600570594746,NA,NA,Unclassified phylum,NA,NA,Unclassified family,NA,NA,Not tested or unresolved,FALSE
ASV_1359,11.82679320161671,-6.020965881322822,3.0345464920036984,-1.9841402651726068,0.047240205490780195,NA,NA,Unclassified phylum,NA,NA,Unclassified family,NA,NA,Not tested or unresolved,FALSE
ASV_1157,15.443604998225561,-6.020159037478756,3.004546800863929,-2.003682896784206,0.045104039524713695,NA,Bacteria,Pseudomonadota,Gammaproteobacteria_2,NA,Unclassified family,NA,NA,Not tested or unresolved,FALSE
ASV_1358,10.477082858676761,-6.019401020254467,3.0305975234127365,-1.9862093114482777,0.04701008737003236,NA,Bacteria,Planctomycetota,Pla4 lineage,Incertae Sedis_136,Incertae sedis (Planctomycetota),Incertae Sedis_738,NA,Not tested or unresolved,FALSE
ASV_1387,11.200733356423628,-5.937726067223501,3.0353957976191857,-1.9561620503924924,0.050446067446739615,NA,NA,Unclassified phylum,NA,NA,Unclassified family,NA,NA,Not tested or unresolved,FALSE
ASV_1350,11.555148262915719,-5.9106816332332395,3.0330011792250864,-1.948789757722212,0.05132053741834192,NA,Bacteria,Acidobacteriota,Subgroup 22,Incertae Sedis_29,Incertae sedis (Acidobacteriota),Incertae Sedis_110,NA,Not tested or unresolved,FALSE
ASV_2105,6.063416201516016,-5.8981047325516816,3.0355841955391196,-1.9429883517047954,0.05201756573212004,NA,NA,Unclassified phylum,NA,NA,Unclassified family,NA,NA,Not tested or unresolved,FALSE
ASV_1110,13.19441253858638,-5.893840431278661,3.0308138351426224,-1.944639542996316,0.05181837657067138,NA,NA,Unclassified phylum,NA,NA,Unclassified family,NA,NA,Not tested or unresolved,FALSE
ASV_1435,9.374709264961362,-5.881740333019167,3.038844900758453,-1.9355184371374687,0.05292670841008971,NA,NA,Unclassified phylum,NA,NA,Unclassified family,NA,NA,Not tested or unresolved,FALSE
ASV_1101,14.650565134858862,-5.881651921858967,2.9864860447790584,-1.9694222017682637,0.048904628314783205,NA,Bacteria,Unclassified phylum,NA,NA,Unclassified family,NA,NA,Not tested or unresolved,FALSE
ASV_1484,10.31919218120576,-5.8622363060139175,3.038129819356543,-1.9295542503366439,0.05366209206127006,NA,Bacteria,Planctomycetota,Pla3 lineage,Incertae Sedis_135,Incertae sedis (Planctomycetota),Incertae Sedis_737,NA,Not tested or unresolved,FALSE
ASV_1273,13.557738510220727,-5.858500567298612,3.0071248004283477,-1.9482066612147597,0.051390240097776194,NA,NA,Unclassified phylum,NA,NA,Unclassified family,NA,NA,Not tested or unresolved,FALSE
ASV_1550,8.565668841043504,-5.8439578167073085,3.0361668769634753,-1.9247814937471273,0.05425670016425152,NA,NA,Unclassified phylum,NA,NA,Unclassified family,NA,NA,Not tested or unresolved,FALSE
ASV_1315,12.77639579122786,-5.835195257999925,3.026215498743465,-1.9282153767379737,0.05382834236060555,NA,NA,Unclassified phylum,NA,NA,Unclassified family,NA,NA,Not tested or unresolved,FALSE
ASV_1279,12.491220352144731,-5.826556876693743,3.008742757343098,-1.9365420531461273,0.052801347236969734,NA,Bacteria,Planctomycetota,Planctomycetes,Pirellulales,Pirellulaceae,Pir4 lineage,NA,Not tested or unresolved,FALSE
ASV_2079,6.137871288331851,-5.810388893059369,3.0364305005905994,-1.9135589936701078,0.05567652884113274,NA,NA,Unclassified phylum,NA,NA,Unclassified family,NA,NA,Not tested or unresolved,FALSE
ASV_1188,12.340092565442397,-5.802803767481188,3.029409977408118,-1.9154897523794094,0.055430074784770016,NA,Bacteria,Pseudomonadota,Alphaproteobacteria_2,Caulobacterales_2,Parvularculaceae_2,Marinicaulis_2,NA,Not tested or unresolved,FALSE
ASV_927,14.604102818432157,5.7852524724689625,3.0283258855936,1.910379758001164,0.05608433518319141,NA,Bacteria,Planctomycetota,Planctomycetes,Pirellulales,Pirellulaceae,NA,NA,Not tested or unresolved,FALSE
ASV_1489,9.845900389536826,-5.7633344935349715,3.04153393727231,-1.8948775888733336,0.05810862089779832,NA,NA,Unclassified phylum,NA,NA,Unclassified family,NA,NA,Not tested or unresolved,FALSE
ASV_227,16.581474769385743,-5.7449920697748595,2.709440220898842,-2.120361255975225,0.03397559144296713,NA,Bacteria,Verrucomicrobiota,Verrucomicrobiia,Verrucomicrobiales_2,Rubritaleaceae_2,Roseibacillus_2,NA,Not tested or unresolved,FALSE
ASV_1610,7.989421275801758,-5.720139216789344,3.037952814314362,-1.882892713091835,0.05971490895442144,NA,Bacteria,Unclassified phylum,NA,NA,Unclassified family,NA,NA,Not tested or unresolved,FALSE
ASV_1607,9.08405355476604,-5.718023966548923,3.005775013612328,-1.9023459642366998,0.05712594031312653,NA,Bacteria,Acidobacteriota,NA,NA,Unclassified family,NA,NA,Not tested or unresolved,FALSE
ASV_616,16.43184049076695,5.7007577207775695,2.74082324972354,2.0799435794893344,0.03753070818422624,NA,NA,Unclassified phylum,NA,NA,Unclassified family,NA,NA,Not tested or unresolved,FALSE
ASV_1253,11.840340183344203,-5.6937316227520895,2.9960966593975003,-1.900383155160645,0.05738285585523608,NA,Bacteria,Planctomycetota,OM190,Incertae Sedis_134,Incertae sedis (Planctomycetota),Incertae Sedis_714,NA,Not tested or unresolved,FALSE
ASV_1563,9.303294695424963,-5.68647934589378,3.0415044335727246,-1.8696271763162011,0.06153560867537887,NA,NA,Unclassified phylum,NA,NA,Unclassified family,NA,NA,Not tested or unresolved,FALSE
ASV_1557,9.826985934116767,-5.652896430602458,3.0370265631881317,-1.8613259755845881,0.06269815709756571,NA,Bacteria,Planctomycetota,OM190,Incertae Sedis_134,Incertae sedis (Planctomycetota),Incertae Sedis_714,NA,Not tested or unresolved,FALSE
ASV_1762,6.96432561238699,-5.607717783925397,3.041070819170124,-1.8439944734518492,0.06518394559992634,NA,Bacteria,Acidobacteriota,Blastocatellia,Blastocatellales,Blastocatellaceae,Blastocatella,NA,Not tested or unresolved,FALSE
ASV_901,10.890520079863984,5.6023916490887915,3.0362411166703875,1.8451735003287566,0.06501230402414766,NA,Bacteria,Pseudomonadota,Alphaproteobacteria_2,Defluviicoccales_2,Incertae sedis (Pseudomonadota),Incertae Sedis_764,NA,Not tested or unresolved,FALSE
ASV_1027,13.525713202211486,5.481772885468391,3.0287091954774494,1.8099370166188036,0.07030555492203892,NA,NA,Unclassified phylum,NA,NA,Unclassified family,NA,NA,Not tested or unresolved,FALSE
ASV_1483,8.993957760852059,-5.47525299968751,3.0356864217713326,-1.8036293078297205,0.07128943841188061,NA,Bacteria,Bacteroidota,Bacteroidia,Chitinophagales,Saprospiraceae,NA,NA,Not tested or unresolved,FALSE
ASV_1112,12.205407386123868,5.468912669372576,3.032850568182954,1.803225231980064,0.07135284934611096,NA,Bacteria,Pseudomonadota,Gammaproteobacteria_2,Pseudomonadales_2,OM182 clade_2,Incertae Sedis_949,NA,Not tested or unresolved,FALSE
ASV_1199,11.472304103747062,-5.465093594302421,2.517051808402085,-2.1712280915551987,0.029913934870412044,NA,NA,Unclassified phylum,NA,NA,Unclassified family,NA,NA,Not tested or unresolved,FALSE
ASV_1173,11.557458274668516,5.394838653617141,3.0359105206804458,1.777008451621948,0.07556684928708121,NA,Bacteria,Planctomycetota,Planctomycetes,Pirellulales,Pirellulaceae,Pir4 lineage,NA,Not tested or unresolved,FALSE
ASV_1814,7.549841907698941,-5.387727444336553,3.0448483100676595,-1.7694567662113956,0.07681767958800285,NA,NA,Unclassified phylum,NA,NA,Unclassified family,NA,NA,Not tested or unresolved,FALSE
ASV_1533,8.63551142158559,-5.373641014241005,3.035156905434215,-1.7704656403825167,0.0766496033434166,NA,NA,Unclassified phylum,NA,NA,Unclassified family,NA,NA,Not tested or unresolved,FALSE
ASV_993,10.091169929558088,5.31885436237381,3.0315854469317283,1.7544794482890231,0.07934838840934844,NA,NA,Unclassified phylum,NA,NA,Unclassified family,NA,NA,Not tested or unresolved,FALSE
ASV_1645,8.514900837225692,-5.312712600949899,3.033218547201189,-1.7515099945079937,0.07985810122733117,NA,NA,Unclassified phylum,NA,NA,Unclassified family,NA,NA,Not tested or unresolved,FALSE
ASV_1876,7.5995175350906035,-5.2753631647932036,3.036889023198947,-1.737094482048715,0.0823704951803296,NA,Bacteria,Myxococcota,Polyangiia,Blfdi19_2,Incertae sedis (Myxococcota),Incertae Sedis_605,NA,Not tested or unresolved,FALSE
ASV_1222,10.606430562917845,5.269074099357953,3.0307217875901205,1.7385542021485447,0.08211320820728049,NA,NA,Unclassified phylum,NA,NA,Unclassified family,NA,NA,Not tested or unresolved,FALSE
ASV_1191,11.799121723969412,-5.226447514429052,2.706564683015428,-1.9310262737213364,0.05347980333627635,NA,Bacteria,Pseudomonadota,Gammaproteobacteria_2,NA,Unclassified family,NA,NA,Not tested or unresolved,FALSE
ASV_1881,6.794769426188647,-5.1537768982099355,3.041311951589115,-1.694590025701585,0.09015322052006663,NA,Bacteria,Pseudomonadota,Alphaproteobacteria_2,Kiloniellales_2,Fodinicurvataceae_2,Incertae Sedis_790,NA,Not tested or unresolved,FALSE
ASV_1069,14.369455182222653,5.150178979352784,3.016627146301707,1.7072640169225908,0.08777299102336286,NA,NA,Unclassified phylum,NA,NA,Unclassified family,NA,NA,Not tested or unresolved,FALSE
ASV_953,12.726698699672777,5.130530670367588,2.996913271840969,1.7119383195283335,0.08690803594251702,NA,Bacteria,Verrucomicrobiota,Verrucomicrobiia,Verrucomicrobiales_2,Unclassified family,NA,NA,Not tested or unresolved,FALSE
ASV_23,12.94336933473607,-5.124031917218679,2.760570473230848,-1.8561496498300738,0.06343223050200356,NA,Bacteria,Pseudomonadota,Gammaproteobacteria_2,Pseudomonadales_2,SAR86 clade_2,Incertae Sedis_952,NA,Not tested or unresolved,FALSE
ASV_922,11.4969222792149,5.099992241911958,2.999803746022287,1.700108631664489,0.089110493988130507,NA,NA,Unclassified phylum,NA,NA,Unclassified family,NA,NA,Not tested or unresolved,FALSE
ASV_1363,9.063251113049041,5.074651951607171,3.0357381569241064,1.6716369098015187,0.09459594186569625,NA,Bacteria,Unclassified phylum,NA,NA,Unclassified family,NA,NA,Not tested or unresolved,FALSE
ASV_799,15.171391874438346,5.071525015883603,2.7091550721766664,1.8719950983864848,0.06120728164301733,NA,Bacteria,Pseudomonadota,Alphaproteobacteria_2,NA,Unclassified family,NA,NA,Not tested or unresolved,FALSE
ASV_25,6.208696193900948,-5.051221061871351,3.029262630660715,-1.6674754479012026,0.0954199024793508,NA,Bacteria,Actinomycetota,Acidimicrobiia_2,Actinomarinales_2,Actinomarinaceae_2,Candidatus Actinomarina_2,NA,Not tested or unresolved,FALSE
ASV_1761,7.7827209296814965,-5.043959557515001,3.031962693127009,-1.6635955214583866,0.0961932874987005,NA,NA,Unclassified phylum,NA,NA,Unclassified family,NA,NA,Not tested or unresolved,FALSE
ASV_1699,8.024141219104468,-5.04092276943459,3.0149695775461325,-1.6719647212949227,0.09453127891534827,NA,Bacteria,Thermodesulfobacteriota,Incertae Sedis_50,Incertae Sedis_156,Incertae sedis (Thermodesulfobacteriota),Incertae Sedis_1019,NA,Not tested or unresolved,FALSE
ASV_2171,6.004541950265434,-4.998675357588076,3.0411184404817755,-1.6436963753362344,0.10023893505494999,NA,Bacteria,Pseudomonadota,Gammaproteobacteria_2,NA,Unclassified family,NA,NA,Not tested or unresolved,FALSE
ASV_2205,5.501427667359359,-4.9629508013358645,3.0465474914795077,-1.629041009607136,0.10330433773860638,NA,NA,Unclassified phylum,NA,NA,Unclassified family,NA,NA,Not tested or unresolved,FALSE
ASV_831,9.483000706475746,4.938455415018734,3.035962164153583,1.6266524903796225,0.10381092439700663,NA,NA,Unclassified phylum,NA,NA,Unclassified family,NA,NA,Not tested or unresolved,FALSE
ASV_991,16.55818919726567,4.917313075919498,2.959899769008219,1.6613106725459,0.09665106765501948,NA,NA,Unclassified phylum,NA,NA,Unclassified family,NA,NA,Not tested or unresolved,FALSE
ASV_1535,9.233002997413351,-4.858423946052664,3.013092387762892,-1.6124377618768808,0.10686671316505449,NA,NA,Unclassified phylum,NA,NA,Unclassified family,NA,NA,Not tested or unresolved,FALSE
ASV_1623,4.0005156050389425,-4.8138852819491325,3.051612955124215,-1.577488807637201,0.114683095421539,NA,NA,Unclassified phylum,NA,NA,Unclassified family,NA,NA,Not tested or unresolved,FALSE
ASV_2266,4.8018251278441175,-4.7631645994946386,3.038687877260225,-1.5675070266806261,0.11699622508132644,NA,Bacteria,Bacteroidota,Bacteroidia,Flavobacteriales,Flavobacteriaceae,NA,NA,Not tested or unresolved,FALSE
ASV_2007,5.876646506062147,-4.750409003990594,3.00832626340323,-1.579087036462793,0.11431609472915355,NA,NA,Unclassified phylum,NA,NA,Unclassified family,NA,NA,Not tested or unresolved,FALSE
ASV_2240,4.810903399874668,-4.638935343097495,3.0120143382531253,-1.5401438446630815,0.12352529444053145,NA,NA,Unclassified phylum,NA,NA,Unclassified family,NA,NA,Not tested or unresolved,FALSE
ASV_2565,4.190132059756105,-4.607662651370473,3.053691207606536,-1.5088829675682662,0.1313286932223058,NA,NA,Unclassified phylum,NA,NA,Unclassified family,NA,NA,Not tested or unresolved,FALSE
ASV_883,4.787990857684847,-4.559260016207714,3.023970278256392,-1.5077066229753302,0.13162962970841663,NA,NA,Unclassified phylum,NA,NA,Unclassified family,NA,NA,Not tested or unresolved,FALSE
ASV_2064,5.089979929604258,4.5260751735056735,3.0405629722817267,1.4885648528795887,0.13660199262865613,NA,Bacteria,NB1-j,Incertae Sedis_36,Incertae Sedis_110,Incertae sedis (NB1-j),Incertae Sedis_623,NA,Not tested or unresolved,FALSE
ASV_1805,5.512340258366062,4.47624531125371,3.0460150413004934,1.4695414338277797,0.14168599213259236,NA,NA,Unclassified phylum,NA,NA,Unclassified family,NA,NA,Not tested or unresolved,FALSE
ASV_2299,4.55470482378301,-4.4747873919507635,3.0517056925307253,-1.4663233754497151,0.14256021019324658,NA,NA,Unclassified phylum,NA,NA,Unclassified family,NA,NA,Not tested or unresolved,FALSE
ASV_873,15.081424846290673,4.390538292909638,3.0183721718227616,1.4546046819197385,0.14577873411443112,NA,NA,Unclassified phylum,NA,NA,Unclassified family,NA,NA,Not tested or unresolved,FALSE
ASV_1702,6.018885716571259,4.283153667910097,3.0364117051725157,1.4105971402408184,0.15836343534131567,NA,NA,Unclassified phylum,NA,NA,Unclassified family,NA,NA,Not tested or unresolved,FALSE
ASV_1508,8.87780092627395,-4.244419441762001,3.030706847019051,-1.4004717895882066,0.1613720854018089,NA,NA,Unclassified phylum,NA,NA,Unclassified family,NA,NA,Not tested or unresolved,FALSE
ASV_1127,14.05909692360376,4.21127052270608,2.958130598429989,1.4236256252314174,0.15455487385266128,NA,NA,Unclassified phylum,NA,NA,Unclassified family,NA,NA,Not tested or unresolved,FALSE
ASV_2151,4.690464588162825,3.859435437132579,3.040531792693547,1.2693290846051577,0.20432371719082648,NA,NA,Unclassified phylum,NA,NA,Unclassified family,NA,NA,Not tested or unresolved,FALSE
ASV_544,2.940456346313358,3.602275673292531,3.0694076615880856,1.1736061385305672,0.24055282131268102,NA,NA,Unclassified phylum,NA,NA,Unclassified family,NA,NA,Not tested or unresolved,FALSE
ASV_1732,7.131998166432941,3.499707560634572,3.0296464552135105,1.1551537819246749,0.2480274574468031,NA,Bacteria,Actinomycetota,Actinobacteria_2,Mycobacteriales,Mycobacteriaceae_2,Mycobacterium_2,NA,Not tested or unresolved,FALSE
ASV_1406,4.795715628778771,3.2258211672644133,3.0478846956205055,1.0583803159941005,0.2898820897611629,NA,NA,Unclassified phylum,NA,NA,Unclassified family,NA,NA,Not tested or unresolved,FALSE
ASV_1807,6.520868444250586,-3.039753621739749,3.062623720682324,-0.9925325142660752,0.3209378267006248,NA,Bacteria,Acidobacteriota,Thermoanaerobaculia,Thermoanaerobaculales,Thermoanaerobaculaceae,Subgroup 10,NA,Not tested or unresolved,FALSE
ASV_1975,5.6690926982212755,-3.0214495687552345,3.0658605721923267,-0.9855143433984231,0.3243714894729857,NA,NA,Unclassified phylum,NA,NA,Unclassified family,NA,NA,Not tested or unresolved,FALSE
ASV_888,14.636331386922409,3.010755483196747,2.94303551383327,1.0230102453895547,0.3063030016898612,NA,NA,Unclassified phylum,NA,NA,Unclassified family,NA,NA,Not tested or unresolved,FALSE
ASV_1200,12.426795573555278,-2.9876536414549157,2.9666169541413336,-1.0070911370219924,0.3138909799455138,NA,Bacteria,Bacteroidota,Bacteroidia,Cytophagales,Cyclobacteriaceae,Ekhidna,NA,Not tested or unresolved,FALSE
ASV_2094,5.129187216935345,-2.9855609100895646,3.072476359269348,-0.9717115970908715,0.3311940457260657,NA,Bacteria,Planctomycetota,Planctomycetes,NA,Unclassified family,NA,NA,Not tested or unresolved,FALSE
ASV_2431,3.927867720422497,-2.97507399279149,3.0742185818684877,-0.9677496617638885,0.3331694093333306,NA,NA,Unclassified phylum,NA,NA,Unclassified family,NA,NA,Not tested or unresolved,FALSE
ASV_1060,15.536587871633849,-2.9509120405847256,2.9452288814739433,-1.0019296154355033,0.3163775879300127,NA,Bacteria,Dependentiae,Babeliae,Babeliales,Unclassified family,NA,NA,Not tested or unresolved,FALSE
ASV_2622,3.293474522675579,-2.937159307459395,3.0813570276768845,-0.9532031767424874,0.3404871371580778,NA,Bacteria,Pseudomonadota,Gammaproteobacteria_2,Pseudomonadales_2,KI89A clade_2,Incertae Sedis_945,NA,Not tested or unresolved,FALSE
ASV_989,3.325432527456047,-2.9332641929816896,3.082158632895943,-0.9516915066197112,0.34125345807174035,NA,Bacteria,Verrucomicrobiota,Omnitrophia,Omnitrophales,Omnitrophaceae,Candidatus Omnitrophus,NA,Not tested or unresolved,FALSE
ASV_1422,11.243993330844111,-2.8742776833695345,3.05103840596694,-0.9420653891961133,0.34615916310268663,NA,Bacteria,NB1-j,Incertae Sedis_36,Incertae Sedis_110,Incertae sedis (NB1-j),Incertae Sedis_623,NA,Not tested or unresolved,FALSE
ASV_1107,15.276995451694937,-2.8608605616926535,2.8478712117064546,-1.0045610735249562,0.31510824912640134,NA,Bacteria,Thermodesulfobacteriota,Desulfuromonadia_2,Bradymonadales_2,Incertae sedis (Thermodesulfobacteriota),SKP-2,NA,Not tested or unresolved,FALSE
ASV_1367,9.209554447139123,-2.8566705898321207,3.053692964162369,-0.9354806207950603,0.3495406658799265,NA,Bacteria,Unclassified phylum,NA,NA,Unclassified family,NA,NA,Not tested or unresolved,FALSE
ASV_1003,9.179966488530578,-2.856173822423758,3.053676417775524,-0.9353230112391416,0.3496218598657418,NA,NA,Unclassified phylum,NA,NA,Unclassified family,NA,NA,Not tested or unresolved,FALSE
ASV_1339,11.066116674092177,-2.853720498742415,2.983537818521307,-0.9564887969668064,0.33882534170279666,NA,Bacteria,Planctomycetota,Planctomycetes,Pirellulales,Pirellulaceae,NA,NA,Not tested or unresolved,FALSE
ASV_766,14.759044853085818,2.851836294072249,2.9352695536228017,0.9715756055699971,0.33126172334548337,NA,Bacteria,Pseudomonadota,Gammaproteobacteria_2,Enterobacterales_2,Kangiellaceae_2,Aliikangiella_2,NA,Not tested or unresolved,FALSE
ASV_1864,7.851922339265058,-2.8393552446501324,3.0561683022719968,-0.9290572258534706,0.35285943024578514,NA,Bacteria,Pseudomonadota,Gammaproteobacteria_2,NA,Unclassified family,NA,NA,Not tested or unresolved,FALSE
ASV_1608,6.787627203216061,-2.838975121129743,3.0240078395842884,-0.9388120903549041,0.34782723030847507,NA,Bacteria,Actinomycetota,Acidimicrobiia_2,Microtrichales_2,Microtrichaceae_2,Sva0996 marine group_2,NA,Not tested or unresolved,FALSE
ASV_1889,7.34661548076707,-2.833822821501762,3.057141104135552,-0.9269519217376994,0.3539514973290283,NA,NA,Unclassified phylum,NA,NA,Unclassified family,NA,NA,Not tested or unresolved,FALSE
ASV_95,5.607202686117783,-2.799472361352868,3.0622613549875433,-0.9141846618654323,0.3606198222554291,NA,NA,Unclassified phylum,NA,NA,Unclassified family,NA,NA,Not tested or unresolved,FALSE
ASV_1306,10.660405156820794,-2.78854421544497,3.0499967095703178,-0.9142777782989212,0.36057090403326325,NA,Bacteria,Rhodothermota,Rhodothermia_2,Rhodothermales_2,Rhodothermaceae_2,Incertae Sedis_977,NA,Not tested or unresolved,FALSE
ASV_1076,14.04301895559568,-2.7753411612843313,3.0495579541119526,-0.9100798224024981,0.3627804148864473,NA,Bacteria,Planctomycetota,Planctomycetes,Planctomycetales,Unclassified family,NA,NA,Not tested or unresolved,FALSE
ASV_2459,4.63336054312505,-2.774028967227146,3.066391145295306,-0.9046559410671647,0.36564768921462637,NA,NA,Unclassified phylum,NA,NA,Unclassified family,NA,NA,Not tested or unresolved,FALSE
ASV_1086,8.23741942746695,-2.7637667911310886,3.0536453857568624,-0.905071297414606,0.365427616858963,NA,Bacteria,Verrucomicrobiota,Verrucomicrobiia,Verrucomicrobiales_2,DEV007_2,Incertae Sedis_1063,NA,Not tested or unresolved,FALSE
ASV_1567,8.132279042745806,-2.761787911808441,3.053937244853715,-0.904336825015778,0.36581682580696984,NA,NA,Unclassified phylum,NA,NA,Unclassified family,NA,NA,Not tested or unresolved,FALSE
ASV_1644,7.601027424911305,-2.761674167078493,3.0540064385618506,-0.904279091297195,0.3658474308128395,NA,Bacteria,Unclassified phylum,NA,NA,Unclassified family,NA,NA,Not tested or unresolved,FALSE
ASV_2591,4.327132282462428,-2.7601493722216555,3.068402066400226,-0.8995396667359812,0.36836527722178536,NA,Bacteria,Unclassified phylum,NA,NA,Unclassified family,NA,NA,Not tested or unresolved,FALSE
ASV_2589,4.498632199795361,-2.753200683203648,3.0693931940254022,-0.8969853352652161,0.3697267422800294,NA,NA,Unclassified phylum,NA,NA,Unclassified family,NA,NA,Not tested or unresolved,FALSE
ASV_2590,4.498632199795361,-2.753200683203648,3.0693931940254022,-0.8969853352652161,0.3697267422800294,NA,NA,Unclassified phylum,NA,NA,Unclassified family,NA,NA,Not tested or unresolved,FALSE
ASV_2673,4.059684873909162,-2.7499353455820086,3.0700326738682073,-0.8957348789767505,0.3703943773409021,NA,Bacteria,Bacteroidota,Bacteroidia,Chitinophagales,Saprospiraceae,Portibacter,NA,Not tested or unresolved,FALSE
ASV_2672,4.231184791242095,-2.7434545100948675,3.071070858554474,-0.8933217878880814,0.3716848733714708,NA,NA,Unclassified phylum,NA,NA,Unclassified family,NA,NA,Not tested or unresolved,FALSE
ASV_1926,6.007272571407802,-2.7431607852921203,3.0573035109619875,-0.8972484332865527,0.3695863660799373,NA,Bacteria,Planctomycetota,Planctomycetes,Pirellulales,Pirellulaceae,Mariniblastus,NA,Not tested or unresolved,FALSE
ASV_1946,5.910853134760453,-2.7417214112368646,3.0572470889806245,-0.8967941849119675,0.369828751513595,NA,NA,Unclassified phylum,NA,NA,Unclassified family,NA,NA,Not tested or unresolved,FALSE
ASV_1629,7.715681571167498,-2.7410136269712666,3.057193424880598,-0.8965784122992871,0.3699439216661211,NA,Bacteria,Planctomycetota,Planctomycetes,Pirellulales,Pirellulaceae,Bremerella,NA,Not tested or unresolved,FALSE
ASV_1787,6.762282787525911,-2.7377941782002924,3.0578161633390795,-0.8953429611055072,0.3706037814608254,NA,Bacteria,Pseudomonadota,Gammaproteobacteria_2,Pseudomonadales_2,KI89A clade_2,Incertae Sedis_945,NA,Not tested or unresolved,FALSE
ASV_1947,5.767198388724681,-2.7343794764591842,3.0561939097643456,-0.8947009113927671,0.3709469913719006,NA,Bacteria,Pseudomonadota,Gammaproteobacteria_2,SZB50_2,Incertae sedis (Pseudomonadota),Incertae Sedis_966,NA,Not tested or unresolved,FALSE
ASV_2112,5.170113560944918,-2.733027746870202,3.0589108369895586,-0.8934643382936667,0.37160856148400634,NA,NA,Unclassified phylum,NA,NA,Unclassified family,NA,NA,Not tested or unresolved,FALSE
ASV_1451,9.160855838590512,-2.732541442806446,3.009006822118668,-0.908120720338693,0.36381444428283455,NA,NA,Unclassified phylum,NA,NA,Unclassified family,NA,NA,Not tested or unresolved,FALSE
ASV_1018,15.779239879366468,-2.72901366898421,3.047237357170092,-0.8955697732449007,0.37048258538574835,NA,Bacteria,Pseudomonadota,Gammaproteobacteria_2,NA,Unclassified family,NA,NA,Not tested or unresolved,FALSE
ASV_2113,5.162978239793631,-2.727599396574924,3.060290265226198,-0.891287806117083,0.372774788710153,NA,Bacteria,Chloroflexota,Anaerolineae_2,Aggregatilineales,Aggregatilineaceae,Incertae Sedis_416,NA,Not tested or unresolved,FALSE
ASV_1098,14.443704718381632,-2.7223656024336274,3.048322747410348,-0.893070002100784,0.3718196862684754,NA,Bacteria,Myxococcota,Polyangiia,Nannocystales_2,Nannocystaceae_2,Nannocystis_2,NA,Not tested or unresolved,FALSE
ASV_1450,9.097570028306203,-2.722141801555989,3.060560075154208,-0.8894260314164336,0.3737741599768687,NA,NA,Unclassified phylum,NA,NA,Unclassified family,NA,NA,Not tested or unresolved,FALSE
ASV_2935,3.314509287360341,-2.718205978742248,3.07601582328009,-0.8836775019719197,0.37687032856714275,NA,NA,Unclassified phylum,NA,NA,Unclassified family,NA,NA,Not tested or unresolved,FALSE
ASV_1412,9.460144887433659,-2.7179132415104297,3.058165533522475,-0.8887397401212178,0.3741429681380857,NA,Bacteria,Pseudomonadota,Gammaproteobacteria_2,UBA10353 marine group_2,Incertae sedis (Pseudomonadota),Incertae Sedis_971,NA,Not tested or unresolved,FALSE
ASV_2322,4.324233602408238,-2.7176007261706765,3.0618776367820155,-0.8875601995077869,0.3747773707463363,NA,NA,Unclassified phylum,NA,NA,Unclassified family,NA,NA,Not tested or unresolved,FALSE
ASV_1338,10.73193547065836,-2.714089840114732,3.049901420153423,-0.8898942838546571,0.3735226535368075,NA,Bacteria,Unclassified phylum,NA,NA,Unclassified family,NA,NA,Not tested or unresolved,FALSE
ASV_1240,12.396426417730368,-2.7123446141354886,3.050059203347572,-0.8892760544315247,0.3738547373481505,NA,NA,Unclassified phylum,NA,NA,Unclassified family,NA,NA,Not tested or unresolved,FALSE
ASV_1386,10.094608817416216,-2.711991901913363,3.050371409321076,-0.8890694076223897,0.37396577903345596,NA,Bacteria,Pseudomonadota,Gammaproteobacteria_2,NA,Unclassified family,NA,NA,Not tested or unresolved,FALSE
ASV_1162,12.834752594784876,-2.7053430950917257,3.0481003170317726,-0.8875505441783417,0.37478256649857894,NA,Bacteria,Pseudomonadota,Alphaproteobacteria_2,Hyphomicrobiales,Methyloligellaceae_2,Incertae Sedis_781,NA,Not tested or unresolved,FALSE
ASV_1100,14.231885459662118,-2.7037558108683832,3.0480452527090316,-0.8870458233733072,0.37505423023184065,NA,NA,Unclassified phylum,NA,NA,Unclassified family,NA,NA,Not tested or unresolved,FALSE
ASV_1482,9.2847755800371,-2.7027795866522153,3.051838441347482,-0.8856234163754925,0.3758204889650768,NA,Bacteria,Planctomycetota,Planctomycetes,Pirellulales,Pirellulaceae,Bythopirellula,NA,Not tested or unresolved,FALSE
ASV_2446,3.8989151827561366,-2.700571175834982,3.065415021498204,-0.8809806035709623,0.37832831841990333,NA,NA,Unclassified phylum,NA,NA,Unclassified family,NA,NA,Not tested or unresolved,FALSE
ASV_1561,8.579516785285954,-2.700519479875411,3.052288519003566,-0.8847523630423406,0.3762902072153926,NA,Bacteria,Bdellovibrionota,Bdellovibrionia,Bdellovibrionales,Pseudobdellovibrionaceae,OM27 clade_2,NA,Not tested or unresolved,FALSE
ASV_1197,12.853275144474685,-2.700485297438982,3.0485522910182654,-0.8858254803092049,0.3757115771086293,NA,Bacteria,Actinomycetota,Acidimicrobiia_2,Microtrichales_2,Microtrichaceae_2,Incertae Sedis_124,NA,Not tested or unresolved,FALSE
ASV_1679,7.843534092237943,-2.691754346350805,3.0538221137257646,-0.881437833019938,0.3780808880661002,NA,Bacteria,Latescibacterota,Latescibacteria,Latescibacterales,Latescibacteraceae,Incertae Sedis_593,NA,Not tested or unresolved,FALSE
ASV_1534,8.5201328806667,-2.684739976010777,3.0511418249363573,-0.8799132030077877,0.3789063317052517,NA,NA,Unclassified phylum,NA,NA,Unclassified family,NA,NA,Not tested or unresolved,FALSE
ASV_1915,6.3278761180145,-2.6828957896086454,3.0555655675623905,-0.8780357450319594,0.37992432086788225,NA,Bacteria,Bacteroidota,Bacteroidia,Cytophagales,Cyclobacteriaceae,NA,NA,Not tested or unresolved,FALSE
ASV_1966,6.0555816098853095,-2.681969416474879,3.0558682796372922,-0.8776456218175765,0.3801360629916005,NA,NA,Unclassified phylum,NA,NA,Unclassified family,NA,NA,Not tested or unresolved,FALSE
ASV_1400,9.54776317839062,-2.681174108676478,3.052026643572927,-0.8784897452722426,0.37967800033969434,NA,NA,Unclassified phylum,NA,NA,Unclassified family,NA,NA,Not tested or unresolved,FALSE
ASV_2504,3.6981481748488974,-2.675772371562999,3.069438296063697,-0.8717465912230448,0.38334663686772963,NA,Bacteria,Planctomycetota,Planctomycetes,Pirellulales,Pirellulaceae,NA,NA,Not tested or unresolved,FALSE
ASV_981,9.02544976173847,-2.6757517093365824,3.0565412829693575,-0.8754181480372982,0.38134642880154174,NA,Bacteria,Pseudomonadota,Alphaproteobacteria_2,NRL2_2,Incertae sedis (Pseudomonadota),Incertae Sedis_796,NA,Not tested or unresolved,FALSE
ASV_1914,6.402292604438783,-2.6754824849799554,3.056777276030428,-0.8752624883597581,0.38143109956637744,NA,NA,Unclassified phylum,NA,NA,Unclassified family,NA,NA,Not tested or unresolved,FALSE
ASV_1660,5.684631061950253,-2.6726513322499694,3.0574066813102556,-0.8741563065809097,0.3820331371628382,NA,Bacteria,Pseudomonadota,Gammaproteobacteria_2,Pseudomonadales_2,Unclassified family,NA,NA,Not tested or unresolved,FALSE
ASV_2078,5.567087929491729,-2.671694863291183,3.057601177661182,-0.8737878840479824,0.38223377982006956,NA,NA,Unclassified phylum,NA,NA,Unclassified family,NA,NA,Not tested or unresolved,FALSE
ASV_1609,7.788834483957185,-2.6696121258600733,3.0538617061390263,-0.8741758411959143,0.38202250042858926,NA,Bacteria,Actinomycetota,Acidimicrobiia_2,Microtrichales_2,Incertae sedis (Actinomycetota),Incertae Sedis_123,NA,Not tested or unresolved,FALSE
ASV_2831,2.848304149005947,-2.669161239765346,3.0710697162343177,-0.8691307871181174,0.38477559895810287,NA,NA,Unclassified phylum,NA,NA,Unclassified family,NA,NA,Not tested or unresolved,FALSE
ASV_1430,9.163226506700179,-2.667867394547803,3.0544001628040327,-0.8734505147808201,0.3824175675540772,NA,Bacteria,Actinomycetota,Acidimicrobiia_2,Microtrichales_2,Microtrichaceae_2,Incertae Sedis_124,NA,Not tested or unresolved,FALSE
ASV_1448,8.944093878940564,-2.6643351922024707,3.055117402957875,-0.8720892983107423,0.3831596638519915,NA,Bacteria,Planctomycetota,Planctomycetes,Pirellulales,Pirellulaceae,Bremerella,NA,Not tested or unresolved,FALSE
ASV_1624,5.264069523065676,-2.6623591865570693,3.0592529257550725,-0.8702644897855107,0.3841558801158269,NA,Bacteria,Planctomycetota,BD7-11,Incertae Sedis_132,Incertae sedis (Planctomycetota),Incertae Sedis_708,NA,Not tested or unresolved,FALSE
ASV_1916,6.157534886783209,-2.6623366377922504,3.054869063031388,-0.8715059738600964,0.38347794548699093,NA,Bacteria,Gemmatimonadota,PAUC43f marine benthic group,Incertae Sedis_97,Incertae sedis (Gemmatimonadota),Incertae Sedis_575,NA,Not tested or unresolved,FALSE
ASV_1874,6.711795355780115,-2.660761540684081,3.059349336701749,-0.869714847129102,0.3844562564044614,NA,Bacteria,Actinomycetota,Acidimicrobiia_2,Microtrichales_2,Microtrichaceae_2,Incertae Sedis_124,NA,Not tested or unresolved,FALSE
ASV_2298,4.601937374348769,-2.6596735575825408,3.0601774517285256,-0.8691239640630114,0.38477933051215996,NA,Bacteria,Planctomycetota,Planctomycetes,NA,Unclassified family,NA,NA,Not tested or unresolved,FALSE
ASV_2505,3.655537501808273,-2.6572941934916563,3.0682832003578704,-0.8660524534311962,0.386461397527192,NA,NA,Unclassified phylum,NA,NA,Unclassified family,NA,NA,Not tested or unresolved,FALSE
ASV_1742,4.818702488706338,-2.6538562542927564,3.06083983477203,-0.867035322836621,0.38592265609372123,NA,Bacteria,Planctomycetota,Pla4 lineage,Incertae Sedis_136,Incertae sedis (Planctomycetota),Incertae Sedis_738,NA,Not tested or unresolved,FALSE
ASV_2390,4.298918967922717,-2.6534202963896742,3.0612316762521723,-0.8667819286510924,0.38606150546501605,NA,NA,Unclassified phylum,NA,NA,Unclassified family,NA,NA,Not tested or unresolved,FALSE
ASV_1873,6.736600851254876,-2.6526860693359122,3.060811763719903,-0.8666609625519792,0.3861278005624184,NA,Bacteria,Unclassified phylum,NA,NA,Unclassified family,NA,NA,Not tested or unresolved,FALSE
ASV_1992,5.709183666463041,-2.6515681704992673,3.0572485703022134,-0.8673053922590128,0.3857747029720662,NA,Bacteria,Planctomycetota,Planctomycetes,Pirellulales,Pirellulaceae,NA,NA,Not tested or unresolved,FALSE
ASV_1988,3.958692318284523,-2.645639475014005,3.0627795718020088,-0.8638034220195036,0.3876958876951466,NA,NA,Unclassified phylum,NA,NA,Unclassified family,NA,NA,Not tested or unresolved,FALSE
ASV_2529,3.698800557892713,-2.6346555525466773,3.0652383838391257,-0.8595271305609988,0.3900497583944964,NA,NA,Unclassified phylum,NA,NA,Unclassified family,NA,NA,Not tested or unresolved,FALSE
ASV_1938,6.343110860315901,-2.627128933590005,3.0609687724304493,-0.858267146418495,0.3907449662665357,NA,Bacteria,Planctomycetota,Planctomycetes,Pirellulales,Pirellulaceae,NA,NA,Not tested or unresolved,FALSE
ASV_2607,3.587741770349467,-2.6226321211986394,3.066790353958626,-0.8551716350005257,0.3924561367275183,NA,Bacteria,Planctomycetota,Planctomycetes,Pirellulales,Pirellulaceae,NA,NA,Not tested or unresolved,FALSE
ASV_3078,2.2784059254370925,-2.621572331074271,3.0756241727240194,-0.8523708307157686,0.394008304505388,NA,NA,Unclassified phylum,NA,NA,Unclassified family,NA,NA,Not tested or unresolved,FALSE
ASV_2726,3.2227096252365124,-2.6192693020784903,3.067627847111713,-0.8538419367084018,0.39319257472823926,NA,Bacteria,Planctomycetota,Planctomycetes,Pirellulales,Pirellulaceae,NA,NA,Not tested or unresolved,FALSE
ASV_2564,3.730090398282753,-2.6135969834402264,3.0684003477046082,-0.8517783493915295,0.39433712514773805,NA,NA,Unclassified phylum,NA,NA,Unclassified family,NA,NA,Not tested or unresolved,FALSE
ASV_2825,2.975220612582082,-2.6135567815904635,3.068968740152653,-0.8516074951810891,0.3944319781977873,NA,NA,Unclassified phylum,NA,NA,Unclassified family,NA,NA,Not tested or unresolved,FALSE
ASV_1373,12.326517694054662,-2.6111868228822592,2.9995142169766122,-0.870536571589992,0.38400724225585897,NA,Bacteria,Planctomycetota,Planctomycetes,Pirellulales,Pirellulaceae,NA,NA,Not tested or unresolved,FALSE
ASV_1454,10.557463146947597,-2.6045424870227936,3.00088687665496,-0.8679242484228645,0.3854358034113934,NA,Bacteria,Thermodesulfobacteriota,Desulfuromonadia_2,Bradymonadales_2,Incertae sedis (Thermodesulfobacteriota),Incertae Sedis_1008,NA,Not tested or unresolved,FALSE
ASV_2958,2.647396710681269,-2.5983475702605117,3.071951342257286,-0.8458296635490431,0.39764777481044844,NA,Bacteria,Chloroflexota,NA,NA,Unclassified family,NA,NA,Not tested or unresolved,FALSE
ASV_3005,2.4960947634994484,-2.5733865072822226,3.072026094389017,-0.8376838048291491,0.4022083114803617,NA,Bacteria,AncK6,Incertae Sedis_8,Incertae Sedis_39,Incertae sedis (AncK6),Incertae Sedis_181,NA,Not tested or unresolved,FALSE
ASV_1473,2.3443783042552164,-2.572359247202067,3.0768295306429696,-0.8360421731471477,0.4031311781186103,NA,NA,Unclassified phylum,NA,NA,Unclassified family,NA,NA,Not tested or unresolved,FALSE
ASV_1425,7.98355989631029,-2.561208160141085,3.005567275053706,-0.8521546602530529,0.3941282575089199,NA,Bacteria,Myxococcota,Polyangiia,Polyangiales_2,Sandaracinaceae_2,Sandaracinus_2,NA,Not tested or unresolved,FALSE
ASV_1559,9.213526852799234,-2.5470106433684503,3.005794049734597,-0.8473669856367384,0.3967906002929761,NA,Bacteria,Pseudomonadota,Gammaproteobacteria_2,NA,Unclassified family,NA,NA,Not tested or unresolved,FALSE
ASV_1094,13.72352634152801,-2.529782563341658,2.532726952425275,-0.9988374628852916,0.31787343478032304,NA,NA,Unclassified phylum,NA,NA,Unclassified family,NA,NA,Not tested or unresolved,FALSE
ASV_1217,13.823973187934856,-2.513951953490976,3.0481159567810714,-0.8247560096584405,0.4095101260303964,NA,Bacteria,Verrucomicrobiota,Verrucomicrobiia,Verrucomicrobiales_2,Rubritaleaceae_2,Roseibacillus_2,NA,Not tested or unresolved,FALSE
ASV_1420,11.570260012922958,-2.5134069325734867,3.0482484720643224,-0.8245413573098153,0.40963202659368886,NA,Bacteria,Planctomycetota,Planctomycetes,Pirellulales,Pirellulaceae,NA,NA,Not tested or unresolved,FALSE
ASV_1369,11.818056875586333,-2.512479254153319,3.048413057955599,-0.8241925245649943,0.4098301739118593,NA,Bacteria,Planctomycetota,Planctomycetes,Planctomycetales,Incertae sedis (Planctomycetota),Incertae Sedis_744,NA,Not tested or unresolved,FALSE
ASV_1067,15.653953570217158,-2.508803205343275,3.049096063711209,-0.8228022839955013,0.4106204376351749,NA,Bacteria,Bacteroidota,Bacteroidia,Flavobacteriales,Flavobacteriaceae,NA,NA,Not tested or unresolved,FALSE
ASV_1734,9.014234350311298,-2.5037793843480682,3.050138486941845,-0.8208740013173723,0.41171804142787716,NA,Bacteria,Bacteroidota,Bacteroidia,Chitinophagales,Saprospiraceae,NA,NA,Not tested or unresolved,FALSE
ASV_1789,8.640060930114378,-2.5017964810717235,3.0505285108869793,-0.8201190292577515,0.41214825515078796,NA,Bacteria,Planctomycetota,Phycisphaerae,Phycisphaerales,Phycisphaeraceae,Urania-1B-19 marine sediment group,NA,Not tested or unresolved,FALSE
ASV_1836,7.1651054584206175,-2.4833866561438076,3.007429728535988,-0.8257505179855744,0.4089456287132653,NA,Bacteria,Unclassified phylum,NA,NA,Unclassified family,NA,NA,Not tested or unresolved,FALSE
ASV_1370,10.032130039193435,-2.4818587437595605,3.000908523294403,-0.8270357874937725,0.40821677757341013,NA,NA,Unclassified phylum,NA,NA,Unclassified family,NA,NA,Not tested or unresolved,FALSE
ASV_1722,7.936317209849502,-2.4771283477119335,3.0553165119467645,-0.8107599779027721,0.4175035221737732,NA,Bacteria,Planctomycetota,Phycisphaerae,MSBL9,Unclassified family,NA,NA,Not tested or unresolved,FALSE
ASV_1207,12.420878142055649,-2.4687947873284855,2.9947356679659745,-0.8243781959578729,0.40972469997529404,NA,Bacteria,Planctomycetota,Planctomycetes,Planctomycetales,Rubinisphaeraceae,Incertae Sedis_745,NA,Not tested or unresolved,FALSE
ASV_2106,5.345238460589246,-2.4680317071858173,3.01268289052377,-0.8192139023157321,0.4126643844324073,NA,Bacteria,Planctomycetota,Planctomycetes,Planctomycetales,Gimesiaceae,Incertae Sedis_743,NA,Not tested or unresolved,FALSE
ASV_2043,6.211414562918765,-2.4661496301559427,3.0158979425271877,-0.817716539867201,0.4135190638335112,NA,NA,Unclassified phylum,NA,NA,Unclassified family,NA,NA,Not tested or unresolved,FALSE
ASV_1192,12.612713064371986,-2.4617486491180456,3.0015521930785676,-0.8201585349056123,0.4121257366217773,NA,NA,Unclassified phylum,NA,NA,Unclassified family,NA,NA,Not tested or unresolved,FALSE
ASV_2386,3.9604150514510352,-2.4514967848555598,3.0605733567487605,-0.8009926569640463,0.4231358968883974,NA,NA,Unclassified phylum,NA,NA,Unclassified family,NA,NA,Not tested or unresolved,FALSE
ASV_1136,13.36002826086612,-2.450472824817049,3.0471391554470366,-0.8041880268042919,0.4212883925823166,NA,Bacteria,Planctomycetota,Planctomycetes,Pirellulales,Pirellulaceae,Bythopirellula,NA,Not tested or unresolved,FALSE
ASV_1407,12.548493141705508,-2.4486971419461137,3.047479927969997,-0.803515429083483,0.42167688251302904,NA,NA,Unclassified phylum,NA,NA,Unclassified family,NA,NA,Not tested or unresolved,FALSE
ASV_2689,3.7417342019691895,-2.4420178683784655,3.0624355706455377,-0.7974103657187168,0.4252127410980028,NA,Bacteria,Unclassified phylum,NA,NA,Unclassified family,NA,NA,Not tested or unresolved,FALSE
ASV_1717,9.514905313881991,-2.439330800891911,3.0493478149323305,-0.7999516450523514,0.4237388137484112,NA,Bacteria,Planctomycetota,NA,NA,Unclassified family,NA,NA,Not tested or unresolved,FALSE
ASV_1274,5.38254185013443,-2.435690657849806,3.020392632600678,-0.806415242693987,0.42000346091627383,NA,NA,Unclassified phylum,NA,NA,Unclassified family,NA,NA,Not tested or unresolved,FALSE
ASV_1528,7.1115929898335555,-2.4333863472822466,3.0056162165474523,-0.8096131282115168,0.41816256041802,NA,Bacteria,Planctomycetota,NA,NA,Unclassified family,NA,NA,Not tested or unresolved,FALSE
ASV_1015,16.085083909171406,-2.4267542014428276,2.9940503427764744,-0.8105255168129285,0.4176382056574917,NA,NA,Unclassified phylum,NA,NA,Unclassified family,NA,NA,Not tested or unresolved,FALSE
ASV_2318,5.759310149645058,-2.4150427310050104,3.0542589823655386,-0.7907131467726904,0.4291114025549285,NA,NA,Unclassified phylum,NA,NA,Unclassified family,NA,NA,Not tested or unresolved,FALSE
ASV_1862,5.492278812487775,-2.411658127244326,3.0094564941393687,-0.8013600236257947,0.42292325120787916,NA,Bacteria,Verrucomicrobiota,Verrucomicrobiia,Verrucomicrobiales_2,DEV007_2,Incertae Sedis_1063,NA,Not tested or unresolved,FALSE
ASV_1399,10.099040364492764,-2.399678475168862,2.9978968108170814,-0.8004539937833369,0.4234478086087095,NA,Bacteria,Planctomycetota,Phycisphaerae,Phycisphaerales,Phycisphaeraceae,Urania-1B-19 marine sediment group,NA,Not tested or unresolved,FALSE
ASV_2645,4.404823259565421,-2.3963967203999594,3.058138959836607,-0.7836127631453333,0.4332673644481828,NA,Bacteria,Bacteroidota,Bacteroidia,Chitinophagales,Saprospiraceae,Portibacter,NA,Not tested or unresolved,FALSE
ASV_2683,4.2425162357333,-2.394049671591699,3.058632181322954,-0.7827190487991916,0.4337921136392454,NA,NA,Unclassified phylum,NA,NA,Unclassified family,NA,NA,Not tested or unresolved,FALSE
ASV_2682,4.152988452986104,-2.3926466160992668,3.0588501508961548,-0.7822045860593368,0.4340943497476292,NA,NA,Unclassified phylum,NA,NA,Unclassified family,NA,NA,Not tested or unresolved,FALSE
ASV_116,4.225767694071032,-2.392480941949187,3.058814401718916,-0.7821595650277835,0.4341208044518574,NA,Bacteria,Pseudomonadota,Alphaproteobacteria_2,Rhodospirillales_2,AEGEAN-169 marine group_2,Incertae Sedis_812,NA,Not tested or unresolved,FALSE
ASV_2468,4.723955573616462,-2.391497478277949,3.0589173379469314,-0.781811737313262,0.43432522209064606,NA,Bacteria,Planctomycetota,BD7-11,Incertae Sedis_132,Incertae sedis (Planctomycetota),Incertae Sedis_708,NA,Not tested or unresolved,FALSE
ASV_1551,8.674246758737457,-2.389010638901676,2.999636856674174,-0.7964332861113309,0.4257802375882286,NA,Bacteria,Pseudomonadota,Alphaproteobacteria_2,NA,Unclassified family,NA,NA,Not tested or unresolved,FALSE
ASV_2777,4.052193862189847,-2.386794330890994,3.060218745798919,-0.7799423927350275,0.43542478414893665,NA,Bacteria,Myxococcota,Polyangiia,NA,Unclassified family,NA,NA,Not tested or unresolved,FALSE
ASV_1562,8.59968199544732,-2.3857599280043598,3.0000831940835253,-0.7952312564895951,0.42647899307853115,NA,NA,Unclassified phylum,NA,NA,Unclassified family,NA,NA,Not tested or unresolved,FALSE
ASV_2824,3.8898868383577248,-2.3843692308281383,3.0607077495300437,-0.779025449651064,0.43596472329708136,NA,NA,Unclassified phylum,NA,NA,Unclassified family,NA,NA,Not tested or unresolved,FALSE
ASV_937,12.363766746003384,-2.383732628438738,2.999024008687188,-0.7948361271979975,0.42670883284330163,NA,Bacteria,Unclassified phylum,NA,NA,Unclassified family,NA,NA,Not tested or unresolved,FALSE
ASV_1126,13.833756420882253,-2.381768230897491,3.0454706815472736,-0.7820690067150528,0.43417402003405525,NA,Bacteria,Nitrospinota,Nitrospinia,Nitrospinales,Nitrospinaceae,Incertae Sedis_626,NA,Not tested or unresolved,FALSE
ASV_1153,13.28375814081253,-2.3764824425005155,3.04658593230172,-0.7800477305772445,0.4353627809965355,NA,Bacteria,Planctomycetota,vadinHA49,Incertae Sedis_140,Incertae sedis (Planctomycetota),Incertae Sedis_749,NA,Not tested or unresolved,FALSE
ASV_1678,7.879721243812946,-2.366495074049475,3.0485711010119134,-0.7762636972002928,0.43759330319143047,NA,Bacteria,Chloroflexota,Anaerolineae_2,Caldilineales_2,Caldilineaceae_2,NA,NA,Not tested or unresolved,FALSE
ASV_885,7.386328845426594,-2.365405632456641,3.0488095794383248,-0.7758456442833711,0.4378401298340538,NA,NA,Unclassified phylum,NA,NA,Unclassified family,NA,NA,Not tested or unresolved,FALSE
ASV_1639,8.159074314353486,-2.3590639033122742,3.003787124231908,-0.7853632117540638,0.43224064368333803,NA,NA,Unclassified phylum,NA,NA,Unclassified family,NA,NA,Not tested or unresolved,FALSE
ASV_1812,6.893641117124991,-2.353541208530673,3.0037703831672546,-0.7835290013243413,0.43331653005302356,NA,NA,Unclassified phylum,NA,NA,Unclassified family,NA,NA,Not tested or unresolved,FALSE
ASV_1552,9.007047084657467,-2.3505484751429484,3.003222541257571,-0.7826754237661917,0.4338177377133025,NA,Bacteria,Verrucomicrobiota,Verrucomicrobiia,NA,Unclassified family,NA,NA,Not tested or unresolved,FALSE
ASV_2206,4.9295329980737,-2.3433131097334248,3.053516838654541,-0.7674145038499115,0.4428351078407635,NA,Bacteria,Planctomycetota,Planctomycetes,Pirellulales,Pirellulaceae,Bremerella,NA,Not tested or unresolved,FALSE
ASV_1796,7.115313861613918,-2.334717891417278,3.0060662259610056,-0.7766688142976275,0.4373541905184227,NA,NA,Unclassified phylum,NA,NA,Unclassified family,NA,NA,Not tested or unresolved,FALSE
ASV_2104,5.44981214185117,-2.3315394355041406,3.0073771287612328,-0.7752733813150078,0.4381781349338777,NA,Bacteria,Planctomycetota,NA,NA,Unclassified family,NA,NA,Not tested or unresolved,FALSE
ASV_2102,5.510963384713184,-2.320208775811191,3.008955853647022,-0.7711009694605419,0.4406470860287688,NA,Bacteria,Pseudomonadota,Gammaproteobacteria_2,Pseudomonadales_2,Spongiibacteraceae_2,Dasania_2,NA,Not tested or unresolved,FALSE
ASV_1939,6.310000266519385,-2.316693116649324,2.9569131557916553,-0.7834836515613104,0.4333431503113393,NA,Bacteria,Deinococcota,Deinococci,Deinococcales,Trueperaceae,Truepera,NA,Not tested or unresolved,FALSE
ASV_2191,5.061699492913229,-2.293979873771226,3.0121823847435345,-0.7615673889436617,0.4463182444523211,NA,NA,Unclassified phylum,NA,NA,Unclassified family,NA,NA,Not tested or unresolved,FALSE
ASV_2246,5.088825584681335,-2.2829650612009527,3.0313000092093354,-0.7531306879111667,0.45137138509265845,NA,NA,Unclassified phylum,NA,NA,Unclassified family,NA,NA,Not tested or unresolved,FALSE
ASV_2646,3.436440377978351,-2.279006270616147,3.016986341163469,-0.7553916434826391,0.4500140257592583,NA,NA,Unclassified phylum,NA,NA,Unclassified family,NA,NA,Not tested or unresolved,FALSE
ASV_601,16.487682125363143,2.186891901672415,3.0460830448995746,0.717935745492623,0.47279690632256616,NA,NA,Unclassified phylum,NA,NA,Unclassified family,NA,NA,Not tested or unresolved,FALSE
ASV_636,15.176586791758908,2.183084875773801,3.0467319745999855,0.7165332868049297,0.4736621213933367,NA,Bacteria,Acidobacteriota,Subgroup 22,Incertae Sedis_29,Incertae sedis (Acidobacteriota),Incertae Sedis_110,NA,Not tested or unresolved,FALSE
ASV_1377,8.135408684509263,2.1823909763797817,3.007372291499224,0.7256803497686761,0.4680347508318634,NA,Bacteria,Acidobacteriota,Subgroup 22,Incertae Sedis_29,Incertae sedis (Acidobacteriota),Incertae Sedis_110,NA,Not tested or unresolved,FALSE
ASV_673,13.8554780078386,2.1793124264867623,3.047333774122833,0.7151538321771371,0.47451399324839255,NA,Bacteria,Planctomycetota,Planctomycetes,Pirellulales,Pirellulaceae,NA,NA,Not tested or unresolved,FALSE
ASV_699,13.148540617257222,2.1732976707731857,3.0483332041721676,0.7129462316647848,0.4758790295303243,NA,Bacteria,Planctomycetota,Planctomycetes,Pirellulales,Pirellulaceae,Incertae Sedis_742,NA,Not tested or unresolved,FALSE
ASV_829,10.665646316030791,2.1718041441866527,3.048606892231812,0.712392322447558,0.4762218684439694,NA,Bacteria,Actinomycetota,Acidimicrobiia_2,Microtrichales_2,Microtrichaceae_2,Sva0996 marine group_2,NA,Not tested or unresolved,FALSE
ASV_834,10.714201094464713,2.1684022138245154,3.049153212569662,0.7111489855234604,0.4769919173257139,NA,Bacteria,Planctomycetota,NA,NA,Unclassified family,NA,NA,Not tested or unresolved,FALSE
ASV_1348,7.712042188295373,-2.1532216184994803,3.008419757498104,-0.7157317768349476,0.4741569854757476,NA,NA,Unclassified phylum,NA,NA,Unclassified family,NA,NA,Not tested or unresolved,FALSE
ASV_1148,6.9639805680874804,2.1479960373265086,3.0526415657824626,0.7036515722657165,0.4816497859281437,NA,Bacteria,Planctomycetota,Phycisphaerae,Phycisphaerales,Phycisphaeraceae,NA,NA,Not tested or unresolved,FALSE
ASV_890,6.410549183311241,2.145420338847317,3.0530663409702616,0.7027100296043696,0.4822364759851439,NA,Bacteria,Acidobacteriota,Vicinamibacteria,Vicinamibacterales,Incertae sedis (Acidobacteriota),Incertae Sedis_117,NA,Not tested or unresolved,FALSE
ASV_1215,6.445483802395525,2.140204098246669,3.053988135243897,0.7007899191054808,0.4834341301632765,NA,Bacteria,Verrucomicrobiota,Lentisphaeria,Victivallales,Arctic95B-14,Incertae Sedis_1037,NA,Not tested or unresolved,FALSE
ASV_1062,7.8355776037742135,2.132765924829165,3.055229828055304,0.6980705363781747,0.48513308300240726,NA,Bacteria,Pseudomonadota,Alphaproteobacteria_2,Rhodospirillales_2,Magnetospiraceae_2,Incertae Sedis_814,NA,Not tested or unresolved,FALSE
ASV_1378,5.333835362862561,2.123595040992344,3.0567920867394816,0.694713601950426,0.4872348021117611,NA,Bacteria,Planctomycetota,Planctomycetes,Pirellulales,Pirellulaceae,NA,NA,Not tested or unresolved,FALSE
ASV_669,16.06301906224252,2.1209781831689565,3.04691156891642,0.6961075617705718,0.4863614712881598,NA,Bacteria,Pseudomonadota,Gammaproteobacteria_2,NA,Unclassified family,NA,NA,Not tested or unresolved,FALSE
ASV_779,11.317071478385063,2.1178612102544943,3.0580896550962224,0.692543858786199,0.4885958527652532,NA,NA,Unclassified phylum,NA,NA,Unclassified family,NA,NA,Not tested or unresolved,FALSE
ASV_1488,4.68763798084387,2.1117515457145823,3.058947735241466,0.6903522807485581,0.4899726778368455,NA,NA,Unclassified phylum,NA,NA,Unclassified family,NA,NA,Not tested or unresolved,FALSE
ASV_1007,8.379585018707841,2.1116203409451755,3.0589742333771954,0.6903034088698047,0.49000340461524883,NA,Bacteria,Bacteroidota,Bacteroidia,Chitinophagales,Incertae sedis (Bacteroidota),Incertae Sedis_329,NA,Not tested or unresolved,FALSE
ASV_1582,9.35538511767488,-2.1069065833577736,2.99804280997368,-0.7027606731794034,0.4822049092925575,NA,Bacteria,Planctomycetota,OM190,Incertae Sedis_134,Incertae sedis (Planctomycetota),Incertae Sedis_714,NA,Not tested or unresolved,FALSE
ASV_801,14.829834977775162,2.104159355635676,3.0434443241672606,0.6913743546832948,0.4893303160511715,NA,Bacteria,Acidobacteriota,Thermoanaerobaculia,Thermoanaerobaculales,Thermoanaerobaculaceae,Subgroup 10,NA,Not tested or unresolved,FALSE
ASV_615,16.352139838533038,2.1015665417508984,3.0608458490609833,0.6865966616370518,0.4923369327799354,NA,NA,Unclassified phylum,NA,NA,Unclassified family,NA,NA,Not tested or unresolved,FALSE
ASV_1538,4.45513350726428,2.1000994385188396,3.061041418090504,0.6860735127945098,0.4926667526749198,NA,Bacteria,Bacteroidota,Bacteroidia,Chitinophagales,Saprospiraceae,Incertae Sedis_330,NA,Not tested or unresolved,FALSE
ASV_1626,4.120291696481264,2.0967004414218677,3.061624488286064,0.6848326597347106,0.4934495235432518,NA,Bacteria,Myxococcota,Polyangiia,Polyangiales_2,Sandaracinaceae_2,NA,NA,Not tested or unresolved,FALSE
ASV_1839,3.4622038245705364,2.0952083918115996,3.0617822302089808,0.6843100633151796,0.4937793937184618,NA,Bacteria,Pseudomonadota,Gammaproteobacteria_2,NA,Unclassified family,NA,NA,Not tested or unresolved,FALSE
ASV_1751,8.138611275541484,-2.0951603002827013,2.9989360498034845,-0.698634537545405,0.48478045389100294,NA,Bacteria,Bacteroidota,Bacteroidia,Cytophagales,Unclassified family,NA,NA,Not tested or unresolved,FALSE
ASV_1216,9.395181663639788,2.0929681120268384,3.050805334533878,0.6860379088548486,0.49268920353051315,NA,Bacteria,Acidobacteriota,AT-s3-28,Incertae Sedis_17,Incertae sedis (Acidobacteriota),Incertae Sedis_91,NA,Not tested or unresolved,FALSE
ASV_933,10.557322520522685,2.0929668950128866,3.0509725410586674,0.6859999121088913,0.49271316382820984,NA,Bacteria,Pseudomonadota,Alphaproteobacteria_2,Defluviicoccales_2,Incertae sedis (Pseudomonadota),Incertae Sedis_764,NA,Not tested or unresolved,FALSE
ASV_956,11.642374749353415,2.091484777732549,3.045236197681943,0.686805437070728,0.49220534308957664,NA,Bacteria,Pseudomonadota,Alphaproteobacteria_2,Kiloniellales_2,Kiloniellaceae_2,Incertae Sedis_791,NA,Not tested or unresolved,FALSE
ASV_1463,6.002588408308373,2.0888142020790137,3.0169324844096232,0.6923635888019447,0.488709025831471,NA,NA,Unclassified phylum,NA,NA,Unclassified family,NA,NA,Not tested or unresolved,FALSE
ASV_1840,6.425574023317575,-2.0822116014180434,3.003779694065141,-0.6931971760552449,0.4881858201375842,NA,NA,Unclassified phylum,NA,NA,Unclassified family,NA,NA,Not tested or unresolved,FALSE
ASV_1178,9.81793094521409,2.079795059648232,3.046863591589036,0.6826019600580651,0.4948583952127336,NA,Bacteria,Dependentiae,Babeliae,Babeliales,Unclassified family,NA,NA,Not tested or unresolved,FALSE
ASV_1203,9.63202969684477,2.0769963016355004,3.047258044778007,0.6815951491849486,0.49549498308797135,NA,Bacteria,Planctomycetota,OM190,Incertae Sedis_134,Incertae sedis (Planctomycetota),Incertae Sedis_714,NA,Not tested or unresolved,FALSE
ASV_982,9.600989241431177,2.076801818196897,3.053382935525641,0.6801642185241907,0.4964004858729424,NA,Bacteria,Planctomycetota,Planctomycetes,Planctomycetales,Gimesiaceae,Gimesia,NA,Not tested or unresolved,FALSE
ASV_1186,7.710436906983256,2.0674920993806043,3.0547254824071417,0.676817642465014,0.4985216629835011,NA,Bacteria,Bacteroidota,Bacteroidia,Chitinophagales,Saprospiraceae,NA,NA,Not tested or unresolved,FALSE
ASV_1198,12.749886823559105,-2.0645331293066627,2.995808739555422,-0.6891404988734492,0.49073485631651725,NA,Bacteria,Pseudomonadota,Alphaproteobacteria_2,NA,Unclassified family,NA,NA,Not tested or unresolved,FALSE
ASV_1283,9.179055295341973,2.064289711427929,3.04906551625448,0.6770237308523743,0.4983908978316974,NA,Bacteria,Nitrospinota,Nitrospinia,Nitrospinales,Nitrospinaceae,NA,NA,Not tested or unresolved,FALSE
ASV_2034,2.983132607706625,2.063434414074635,3.067469038411108,0.6726830452846089,0.5011489562835088,NA,Bacteria,Actinomycetota,Acidimicrobiia_2,Microtrichales_2,Microtrichaceae_2,Sva0996 marine group_2,NA,Not tested or unresolved,FALSE
ASV_1320,8.457472783290438,2.063073551905759,3.0492424892698478,0.6765855976248611,0.49866891959691706,NA,Bacteria,Planctomycetota,Planctomycetes,Pirellulales,Pirellulaceae,NA,NA,Not tested or unresolved,FALSE
ASV_1183,7.444236374320908,2.0627590908057223,3.049316157026605,0.6764661270207951,0.498744745152132,NA,Bacteria,Unclassified phylum,NA,NA,Unclassified family,NA,NA,Not tested or unresolved,FALSE
ASV_1404,6.967192881505344,2.0573719587067036,3.0500987799177754,0.6745263373936258,0.49997674717844,NA,Bacteria,PAUC34f,Incertae Sedis_40,Incertae Sedis_130,Incertae sedis (PAUC34f),Incertae Sedis_706,NA,Not tested or unresolved,FALSE
ASV_1413,6.862463537900179,2.056035104659814,3.0502940787291353,0.6740448794748453,0.500282781400514,NA,Bacteria,Pseudomonadota,Alphaproteobacteria_2,NA,Unclassified family,NA,NA,Not tested or unresolved,FALSE
ASV_2178,4.855064744436104,-2.055087578047513,3.0091173523081634,-0.6829536164387687,0.4946361524304567,NA,Bacteria,Bacteroidota,Bacteroidia,NA,Unclassified family,NA,NA,Not tested or unresolved,FALSE
ASV_1612,5.499542170281117,2.054061692350864,3.0565540250952408,0.672018775224122,0.5015717437241738,NA,NA,Unclassified phylum,NA,NA,Unclassified family,NA,NA,Not tested or unresolved,FALSE
ASV_1437,6.641481957505218,2.053242411730461,3.0506974668511595,0.6730403240704682,0.5009216374440972,NA,NA,Unclassified phylum,NA,NA,Unclassified family,NA,NA,Not tested or unresolved,FALSE
ASV_2109,2.813392552384055,2.05133157923311,3.069695359150954,0.6682524938893243,0.5039724322181696,NA,Bacteria,Planctomycetota,Planctomycetes,Pirellulales,Pirellulaceae,NA,NA,Not tested or unresolved,FALSE
ASV_894,9.91637474621685,2.0428592346723624,3.071778811926304,0.6650411242960853,0.5060241901128304,NA,Bacteria,Calditrichota,Calditrichia,Calditrichales,Calditrichaceae,JdFR-76,NA,Not tested or unresolved,FALSE
ASV_1668,5.711464063186859,2.037258708422941,3.052995220211391,0.6672983616010641,0.5045815727163332,NA,NA,Unclassified phylum,NA,NA,Unclassified family,NA,NA,Not tested or unresolved,FALSE
ASV_1748,4.661707421439787,2.0320338806157654,3.0599132706956764,0.6640821816998033,0.5066377137218034,NA,Bacteria,Pseudomonadota,Alphaproteobacteria_2,Caulobacterales_2,Hyphomonadaceae_2,Hyphomonas_2,NA,Not tested or unresolved,FALSE
ASV_1449,5.484312539868529,2.018725912683114,3.0621869728059066,0.6592431914218938,0.5097396155679708,NA,Bacteria,Acidobacteriota,AT-s3-28,Incertae Sedis_17,Incertae sedis (Acidobacteriota),Incertae Sedis_91,NA,Not tested or unresolved,FALSE
ASV_1287,6.439915597076249,2.0179163828363427,3.0624271204957454,0.6589271526924313,0.5099425487516969,NA,NA,Unclassified phylum,NA,NA,Unclassified family,NA,NA,Not tested or unresolved,FALSE
ASV_897,5.3237762277995255,2.0125765634034427,3.0633381963115767,0.6569880419428363,0.5111886054829937,NA,NA,Unclassified phylum,NA,NA,Unclassified family,NA,NA,Not tested or unresolved,FALSE
ASV_2614,1.8275676896018598,2.0108783567823454,3.0770989893978102,0.6534981044519063,0.5134352110504996,NA,Bacteria,Unclassified phylum,NA,NA,Unclassified family,NA,NA,Not tested or unresolved,FALSE
ASV_2173,3.699219770909561,2.00544174456851,3.0641928434905084,0.654476348911531,0.5128049597839145,NA,NA,Unclassified phylum,NA,NA,Unclassified family,NA,NA,Not tested or unresolved,FALSE
ASV_2085,4.258019677431711,2.0047884556131907,3.064267815373096,0.6542471403952966,0.5129525952458265,NA,Bacteria,Pseudomonadota,Alphaproteobacteria_2,Thalassobaculales_2,Nisaeaceae_2,OM75 clade_2,NA,Not tested or unresolved,FALSE
ASV_726,9.721665951707887,-2.0040714218675393,2.999310049737864,-0.6681774770309901,0.5040203106859962,NA,NA,Unclassified phylum,NA,NA,Unclassified family,NA,NA,Not tested or unresolved,FALSE
ASV_843,12.549779151570352,2.0027136365994465,2.6872334921985526,0.7452696769423381,0.456108708438663,NA,NA,Unclassified phylum,NA,NA,Unclassified family,NA,NA,Not tested or unresolved,FALSE
ASV_2039,4.374051687632463,1.9994796231677758,3.058563812185205,0.6537315373973638,0.5132847811281729,NA,Bacteria,Unclassified phylum,NA,NA,Unclassified family,NA,NA,Not tested or unresolved,FALSE
ASV_1144,15.289975056053278,-1.997654251010351,2.995360819852955,-0.6669160649261673,0.5048257487879426,NA,Bacteria,Pseudomonadota,Gammaproteobacteria_2,Thiohalorhabdales_2,Thiohalorhabdaceae_2,Incertae Sedis_969,NA,Not tested or unresolved,FALSE
ASV_2006,6.995145183332839,-1.9974921394996716,3.0017668780138,-0.6654387967733745,0.5057698772414096,NA,NA,Unclassified phylum,NA,NA,Unclassified family,NA,NA,Not tested or unresolved,FALSE
ASV_2092,4.071386550001593,1.9970724503301551,3.0589335483466633,0.6528655882078778,0.5138429353779976,NA,Bacteria,Pseudomonadota,Alphaproteobacteria_2,Sphingomonadales_2,Sphingomonadaceae_2,NA,NA,Not tested or unresolved,FALSE
ASV_2080,5.500552738529068,-1.9964154872896915,3.004390769065893,-0.6644992748098494,0.5063708129255251,NA,NA,Unclassified phylum,NA,NA,Unclassified family,NA,NA,Not tested or unresolved,FALSE
ASV_2093,4.16459300042213,1.995575969974496,3.059150182873085,0.6523301736367503,0.5141881989111086,NA,Bacteria,Planctomycetota,Phycisphaerae,Phycisphaerales,Phycisphaeraceae,Urania-1B-19 marine sediment group,NA,Not tested or unresolved,FALSE
ASV_2150,3.9085310880015287,1.9917082198756535,3.059738471550382,0.6509406730002145,0.5150847846679887,NA,Bacteria,Chlamydiota,Chlamydiia,Chlamydiales,Simkaniaceae,Candidatus Fritschea,NA,Not tested or unresolved,FALSE
ASV_2119,3.6870378551348133,1.987839103171794,3.060388247677386,0.6495382096308926,0.5159905574240486,NA,NA,Unclassified phylum,NA,NA,Unclassified family,NA,NA,Not tested or unresolved,FALSE
ASV_1447,10.833859333621179,-1.9861683079820467,2.9973749680859556,-0.6626359161364322,0.5075637616802671,NA,NA,Unclassified phylum,NA,NA,Unclassified family,NA,NA,Not tested or unresolved,FALSE
ASV_1758,3.2107262413800477,1.9857767767564785,3.0677575840752422,0.6473056368810443,0.5174341540429723,NA,NA,Unclassified phylum,NA,NA,Unclassified family,NA,NA,Not tested or unresolved,FALSE
ASV_2221,3.5011366067654928,1.981228770360476,3.061351729662213,0.6471744984948473,0.5175190139668833,NA,Bacteria,Planctomycetota,Planctomycetes,Pirellulales,Pirellulaceae,NA,NA,Not tested or unresolved,FALSE
ASV_1213,5.034949818930329,1.9806806417928835,3.0617663988253025,0.6469078250230993,0.5176916011418348,NA,NA,Unclassified phylum,NA,NA,Unclassified family,NA,NA,Not tested or unresolved,FALSE
ASV_1035,11.925478327197872,1.9729249885565696,2.9920557181949405,0.6593877836428808,0.5096467848402821,NA,NA,Unclassified phylum,NA,NA,Unclassified family,NA,NA,Not tested or unresolved,FALSE
ASV_2278,3.245074694344891,1.9699109091713505,3.0631108271111516,0.643107944947977,0.5201540595829927,NA,NA,Unclassified phylum,NA,NA,Unclassified family,NA,NA,Not tested or unresolved,FALSE
ASV_2091,3.5121478474783667,1.9679415081007623,3.063546905654943,0.6423735521947376,0.5206306677835519,NA,Bacteria,Pseudomonadota,Alphaproteobacteria_2,Rickettsiales_2,Rickettsiaceae_2,Candidatus Megaira_2,NA,Not tested or unresolved,FALSE
ASV_2277,3.1052650187140847,1.9570567448858143,3.0651674136831364,0.6384828235317154,0.5231594316688761,NA,NA,Unclassified phylum,NA,NA,Unclassified family,NA,NA,Not tested or unresolved,FALSE
ASV_2019,3.5933197522425213,1.95577890538789,3.065532688739907,0.6379899038662076,0.5234802522481714,NA,NA,Unclassified phylum,NA,NA,Unclassified family,NA,NA,Not tested or unresolved,FALSE
ASV_2220,3.1749140302936105,1.9540245484605248,3.06569332305084,0.6373842203224579,0.5238746042390523,NA,NA,Unclassified phylum,NA,NA,Unclassified family,NA,NA,Not tested or unresolved,FALSE
ASV_2401,2.9193637703447637,1.95305116063163,3.0657174043005853,0.637061706304662,0.5240846506883978,NA,NA,Unclassified phylum,NA,NA,Unclassified family,NA,NA,Not tested or unresolved,FALSE
ASV_2030,6.460392544046696,-1.9476100206441163,3.0036037033555516,-0.648424430449428,0.5167104733387757,NA,Bacteria,Unclassified phylum,NA,NA,Unclassified family,NA,NA,Not tested or unresolved,FALSE
ASV_1536,9.443642963870731,-1.9254960960175553,3.0057723883712106,-0.6405994357613208,0.5217829662615516,NA,NA,Unclassified phylum,NA,NA,Unclassified family,NA,NA,Not tested or unresolved,FALSE
ASV_1468,8.916498998907324,-1.921245887956711,3.0226316697789626,-0.6356202468087045,0.5250239696415586,NA,NA,Unclassified phylum,NA,NA,Unclassified family,NA,NA,Not tested or unresolved,FALSE
ASV_2697,2.5360383804214934,1.9135844759171967,3.0717808781861295,0.6229560479089766,0.5333134049801815,NA,NA,Unclassified phylum,NA,NA,Unclassified family,NA,NA,Not tested or unresolved,FALSE
ASV_2801,2.186770017580354,1.9035157031622032,3.0734258930875487,0.6193465433617273,0.5356880889571672,NA,Bacteria,Planctomycetota,Phycisphaerae,Phycisphaerales,Phycisphaeraceae,SM1A02,NA,Not tested or unresolved,FALSE
ASV_1703,6.3896766435037815,-1.9001646916199983,3.0002666586733944,-0.6333319360553705,0.5265169023479039,NA,Bacteria,Planctomycetota,Phycisphaerae,Phycisphaerales,Phycisphaeraceae,Urania-1B-19 marine sediment group,NA,Not tested or unresolved,FALSE
ASV_2844,2.0820406739751878,1.8945763367095938,3.074876816729384,0.6161470685270489,0.5377974593430503,NA,NA,Unclassified phylum,NA,NA,Unclassified family,NA,NA,Not tested or unresolved,FALSE
ASV_568,10.460671570777011,-1.8864689470654583,2.9965730526969496,-0.6295421182432429,0.5289942038781944,NA,Bacteria,Pseudomonadota,Gammaproteobacteria_2,NA,Unclassified family,NA,NA,Not tested or unresolved,FALSE
ASV_1185,10.701249276607458,-1.8772794497118346,2.9974200528518042,-0.6262984221800192,0.5311192210619669,NA,Bacteria,Planctomycetota,Planctomycetes,Pirellulales,Pirellulaceae,Bremerella,NA,Not tested or unresolved,FALSE
ASV_2778,3.759132893846903,-1.863936608217318,3.019185035574303,-0.6173641516684201,0.5369945616699001,NA,NA,Unclassified phylum,NA,NA,Unclassified family,NA,NA,Not tested or unresolved,FALSE
ASV_1388,10.276231554435224,-1.8608283924645663,2.9988830020205923,-0.6205071659050301,0.5349239376805164,NA,Bacteria,Planctomycetota,Planctomycetes,Pirellulales,Pirellulaceae,NA,NA,Not tested or unresolved,FALSE
ASV_810,16.527121453301792,-1.858468267765151,2.8275167418207166,-0.6572793151945872,0.511001334224563,NA,NA,Unclassified phylum,NA,NA,Unclassified family,NA,NA,Not tested or unresolved,FALSE
ASV_2267,3.9176412546378216,-1.8516376940155734,3.0073631148737623,-0.6157014046151518,0.5380916101006323,NA,Bacteria,Planctomycetota,Planctomycetes,Incertae Sedis_137,Incertae sedis (Planctomycetota),Incertae Sedis_740,NA,Not tested or unresolved,FALSE
ASV_1991,6.063826474904294,-1.8476801510046157,3.0018885296185016,-0.6155059166169072,0.5382206631687304,NA,NA,Unclassified phylum,NA,NA,Unclassified family,NA,NA,Not tested or unresolved,FALSE
ASV_887,11.501484799512241,1.8461358889938022,3.047786387094494,0.6057300789881651,0.5446940068554782,NA,Bacteria,NB1-j,Incertae Sedis_36,Incertae Sedis_110,Incertae sedis (NB1-j),Incertae Sedis_623,NA,Not tested or unresolved,FALSE
ASV_1681,7.741795679772097,-1.8417732369014408,3.0023639465217875,-0.6134410317027418,0.5395847622605934,NA,Bacteria,Pseudomonadota,Gammaproteobacteria_2,Nitrosococcales_2,Nitrosococcaceae_2,FS142-36B-02_2,NA,Not tested or unresolved,FALSE
ASV_1079,9.213240022920354,1.840931111541568,3.0486819868008297,0.6038449138059725,0.5459467554869178,NA,NA,Unclassified phylum,NA,NA,Unclassified family,NA,NA,Not tested or unresolved,FALSE
ASV_823,8.20966900801894,1.8376095224834275,3.04915322642642,0.6026622429326352,0.546733404196327,NA,Bacteria,Planctomycetota,BD7-11,Incertae Sedis_132,Incertae sedis (Planctomycetota),Incertae Sedis_708,NA,Not tested or unresolved,FALSE
ASV_1299,8.322714571118068,1.8346580939111075,3.049567444427355,0.6016125655012748,0.5474320627041971,NA,Bacteria,Unclassified phylum,NA,NA,Unclassified family,NA,NA,Not tested or unresolved,FALSE
ASV_749,15.415733784190731,1.8315106454014431,3.0457370107511763,0.6013357814336484,0.5476163619398885,NA,Bacteria,Planctomycetota,Planctomycetes,Pirellulales,Pirellulaceae,Incertae Sedis_742,NA,Not tested or unresolved,FALSE
ASV_1419,6.869665486588449,1.8290240244810931,3.050676931021674,0.5995469418220406,0.548808216795361,NA,NA,Unclassified phylum,NA,NA,Unclassified family,NA,NA,Not tested or unresolved,FALSE
ASV_1495,8.999284101966508,-1.822130841372125,2.998291723185534,-0.6077230001609726,0.5433712058208259,NA,Bacteria,Unclassified phylum,NA,NA,Unclassified family,NA,NA,Not tested or unresolved,FALSE
ASV_1595,5.528707547710321,1.818574940037515,3.0526942837862863,0.5957278295754919,0.5513570636262665,NA,NA,Unclassified phylum,NA,NA,Unclassified family,NA,NA,Not tested or unresolved,FALSE
ASV_1278,6.755029227743262,1.8157006731102356,3.0536608055266705,0.5945980214384283,0.5521122029493731,NA,Bacteria,Myxococcota,Polyangiia,Nannocystales_2,Nannocystaceae_2,NA,NA,Not tested or unresolved,FALSE
ASV_975,13.953915790692614,1.8155090137422574,2.997449417922541,0.6056846206934635,0.5447241984408696,NA,Bacteria,Planctomycetota,Phycisphaerae,Phycisphaerales,Phycisphaeraceae,Urania-1B-19 marine sediment group,NA,Not tested or unresolved,FALSE
ASV_1229,4.746773710918192,1.8091878518991718,3.0544689149740423,0.5923084838185517,0.5536440358747001,NA,NA,Unclassified phylum,NA,NA,Unclassified family,NA,NA,Not tested or unresolved,FALSE
ASV_1566,5.02469506621513,1.8021371317550008,3.056190971945264,0.5896677100017548,0.5554134473289339,NA,Bacteria,Dependentiae,Babeliae,Babeliales,Incertae sedis (Dependentiae),Incertae Sedis_536,NA,Not tested or unresolved,FALSE
ASV_1968,3.9088738360876194,1.7950019632349101,3.057318531821553,0.5871164370188953,0.5571255089959557,NA,NA,Unclassified phylum,NA,NA,Unclassified family,NA,NA,Not tested or unresolved,FALSE
ASV_1967,3.8529077980491775,1.7925370021001648,3.0577593297322183,0.5862256668372737,0.5577238756052956,NA,NA,Unclassified phylum,NA,NA,Unclassified family,NA,NA,Not tested or unresolved,FALSE
ASV_1584,8.804300722592538,-1.7891099680124156,3.0498837398522185,-0.5866157928036649,0.5574617736200369,NA,NA,Unclassified phylum,NA,NA,Unclassified family,NA,NA,Not tested or unresolved,FALSE
ASV_817,15.018311445264215,1.789014600142788,3.0454096686109415,0.587446286318118,0.5569040151453412,NA,Bacteria,Planctomycetota,OM190,Incertae Sedis_134,Incertae sedis (Planctomycetota),Incertae Sedis_714,NA,Not tested or unresolved,FALSE
ASV_275,4.075658463180703,1.787913929267668,3.0589546527206846,0.5844852677621317,0.5588938741363519,NA,Bacteria,Pseudomonadota,Gammaproteobacteria_2,NA,Unclassified family,NA,NA,Not tested or unresolved,FALSE
ASV_853,13.426717847850037,1.7863421967154474,3.045960536689372,0.5864626856449713,0.5575646298890278,NA,Bacteria,Unclassified phylum,NA,NA,Unclassified family,NA,NA,Not tested or unresolved,FALSE
ASV_988,11.235842269994,1.782109635492609,3.0467166638929255,0.5849279181791484,0.558596185506436,NA,Bacteria,Dependentiae,Babeliae,Babeliales,Babeliaceae,Incertae Sedis_535,NA,Not tested or unresolved,FALSE
ASV_1020,12.550139090953422,1.779971785878181,3.0469572030611776,0.5841801073181803,0.5590991436843977,NA,Bacteria,Planctomycetota,Phycisphaerae,Phycisphaerales,Phycisphaeraceae,Urania-1B-19 marine sediment group,NA,Not tested or unresolved,FALSE
ASV_1465,8.124766886258753,-1.7773356528246975,3.0495135170253698,-0.5828259631911352,0.5600104650478663,NA,Bacteria,Pseudomonadota,Gammaproteobacteria_2,NA,Unclassified family,NA,NA,Not tested or unresolved,FALSE
ASV_1013,9.496641823777413,1.7758908595950003,3.047934161770912,0.5826539437332109,0.5601262834328773,NA,Bacteria,Planctomycetota,NA,NA,Unclassified family,NA,NA,Not tested or unresolved,FALSE
ASV_1209,11.414208217386879,1.7736257302719036,3.0021660265432635,0.5907820269067802,0.5546664790117011,NA,Bacteria,Planctomycetota,NA,NA,Unclassified family,NA,NA,Not tested or unresolved,FALSE
ASV_923,15.469554108548454,-1.7709902808124727,3.0458333536845252,-0.5814468735363072,0.5609393139503317,NA,Bacteria,Pseudomonadota,Alphaproteobacteria_2,Caulobacterales_2,Parvularculaceae_2,Marinicaulis_2,NA,Not tested or unresolved,FALSE
ASV_1149,11.494910499270237,1.7694358958881302,3.0487957946430173,0.5803720600104386,0.5616637425258444,NA,NA,Unclassified phylum,NA,NA,Unclassified family,NA,NA,Not tested or unresolved,FALSE
ASV_946,16.006039956606198,1.7663394882075933,3.0492813674872568,0.5792641856671743,0.5624109273212086,NA,Bacteria,Unclassified phylum,NA,NA,Unclassified family,NA,NA,Not tested or unresolved,FALSE
ASV_721,16.42839842779448,1.7650220082115942,3.045226407563033,0.5796028839852558,0.5621824477442632,NA,Bacteria,Unclassified phylum,NA,NA,Unclassified family,NA,NA,Not tested or unresolved,FALSE
ASV_1521,2.624677283120964,1.7595072246877708,3.0639658168092665,0.5742581118349667,0.5657931503049214,NA,NA,Unclassified phylum,NA,NA,Unclassified family,NA,NA,Not tested or unresolved,FALSE
ASV_2573,2.5691884538063405,1.7547178437337574,3.064612583078452,0.57257411700996,0.5669330888928148,NA,NA,Unclassified phylum,NA,NA,Unclassified family,NA,NA,Not tested or unresolved,FALSE
ASV_1048,13.131091890660118,1.7533464772298493,3.0471642174646933,0.5754026865964813,0.5650189875907226,NA,Bacteria,Planctomycetota,Planctomycetes,Planctomycetales,Unclassified family,NA,NA,Not tested or unresolved,FALSE
ASV_1470,5.906364049499138,1.7527367565577099,3.052409601539412,0.5742141407476106,0.5658229014432772,NA,Bacteria,Planctomycetota,OM190,Incertae Sedis_134,Incertae sedis (Planctomycetota),Incertae Sedis_714,NA,Not tested or unresolved,FALSE
ASV_1132,9.501253103434049,1.7512276472119972,3.047802200488709,0.5745870407637318,0.5655706185741399,NA,NA,Unclassified phylum,NA,NA,Unclassified family,NA,NA,Not tested or unresolved,FALSE
ASV_2149,3.809344556995314,1.7303086731251547,3.0563553662237175,0.5661346492122868,0.5713022506339822,NA,Bacteria,Planctomycetota,Planctomycetes,Pirellulales,Pirellulaceae,NA,NA,Not tested or unresolved,FALSE
ASV_1707,5.160381868484884,1.7239511154571674,3.0530479972772575,0.5646655791178542,0.5723012506876919,NA,Bacteria,Dependentiae,Babeliae,Babeliales,Unclassified family,NA,NA,Not tested or unresolved,FALSE
ASV_2223,3.849553754240145,1.723175405249327,3.0575211136209828,0.5635857746240034,0.5730360702709307,NA,NA,Unclassified phylum,NA,NA,Unclassified family,NA,NA,Not tested or unresolved,FALSE
ASV_1844,4.950857298933919,1.722400294384846,3.0531554511901,0.5641377656396321,0.572660378007146,NA,NA,Unclassified phylum,NA,NA,Unclassified family,NA,NA,Not tested or unresolved,FALSE
ASV_1741,4.022708464237664,-1.715544445208178,3.011937772192275,-0.5695816364623956,0.5689614864148507,NA,NA,Unclassified phylum,NA,NA,Unclassified family,NA,NA,Not tested or unresolved,FALSE
ASV_1056,14.7705398477345,1.7068658161385764,3.0462822668117613,0.5603111158589326,0.5752672466795614,NA,Bacteria,Unclassified phylum,NA,NA,Unclassified family,NA,NA,Not tested or unresolved,FALSE
ASV_1071,14.546993834729943,1.7064888583001843,3.0463571504385225,0.5601736021183648,0.5753610309115982,NA,Bacteria,Verrucomicrobiota,Verrucomicrobiia,Opitutales_2,Puniceicoccaceae_2,Incertae Sedis_1059,NA,Not tested or unresolved,FALSE
ASV_472,15.236911662731922,1.7040819421839992,3.0469198551799463,0.5592801987511938,0.5759705069903579,NA,Bacteria,Bacteroidota,Bacteroidia,Flavobacteriales,Flavobacteriaceae,NA,NA,Not tested or unresolved,FALSE
ASV_1218,12.368808607712788,1.7006124126069202,3.047398621594701,0.5580538104060018,0.5768076400395696,NA,NA,Unclassified phylum,NA,NA,Unclassified family,NA,NA,Not tested or unresolved,FALSE
ASV_1073,12.795695244882081,1.6962765707197893,3.048138141244803,0.5564959631478714,0.5778718533317675,NA,NA,Unclassified phylum,NA,NA,Unclassified family,NA,NA,Not tested or unresolved,FALSE
ASV_2120,4.82818372781363,1.695683536110065,3.057806964609426,0.5545423748901216,0.5792077137304096,NA,Bacteria,Pseudomonadota,Alphaproteobacteria_2,Hyphomicrobiales,Unclassified family,NA,NA,Not tested or unresolved,FALSE
ASV_1302,11.112056484450793,1.694711138363527,3.0484625526552795,0.5559232265744565,0.5782633394120456,NA,NA,Unclassified phylum,NA,NA,Unclassified family,NA,NA,Not tested or unresolved,FALSE
ASV_1224,12.362690544667192,1.6946642661538351,3.0484341216063906,0.5559130355294742,0.5782703064875601,NA,Bacteria,Unclassified phylum,NA,NA,Unclassified family,NA,NA,Not tested or unresolved,FALSE
ASV_1333,11.061531532472433,1.6908932522348312,3.0584522075294602,0.5528591383812048,0.58035986945997875,NA,Bacteria,Dependentiae,Babeliae,Babeliales,Unclassified family,NA,NA,Not tested or unresolved,FALSE
ASV_915,14.950753079397108,1.6899441069659726,2.9698377412255583,0.5690358377183886,0.5693318194615482,NA,NA,Unclassified phylum,NA,NA,Unclassified family,NA,NA,Not tested or unresolved,FALSE
ASV_1690,7.507145624789439,1.6821342064572151,3.051042624157354,0.5513309427860884,0.5814068305863529,NA,Bacteria,Bacteroidota,Bacteroidia,Cytophagales,Unclassified family,NA,NA,Not tested or unresolved,FALSE
ASV_1998,5.75752526380865,1.6779878222577396,3.061018184668335,0.5481796320787136,0.5835685661148149,NA,NA,Unclassified phylum,NA,NA,Unclassified family,NA,NA,Not tested or unresolved,FALSE
ASV_1596,7.353874135727036,1.6779025604012499,3.013972679190404,0.5567079529240984,0.5777269823124833,NA,Bacteria,Cyanobacteriota,Vampirivibrionia_2,Caenarcaniphilales_2,Incertae sedis (Cyanobacteriota),Incertae Sedis_526,NA,Not tested or unresolved,FALSE
ASV_1791,6.857638574467106,1.6771634566896774,3.052018779855354,0.5495259294469885,0.5826445751250033,NA,Bacteria,Bacteroidota,Bacteroidia,NA,Unclassified family,NA,NA,Not tested or unresolved,FALSE
ASV_1546,6.229262512836108,1.673089426772324,3.052762509898626,0.5480575122851213,0.5836524131509147,NA,Bacteria,Myxococcota,Polyangiia,NA,Unclassified family,NA,NA,Not tested or unresolved,FALSE
ASV_1330,11.043019278242568,-1.6711642137960496,3.0463069218754395,-0.5485869469669878,0.5832889456798889,NA,Bacteria,Planctomycetota,Planctomycetes,Pirellulales,Pirellulaceae,NA,NA,Not tested or unresolved,FALSE
ASV_2023,5.705615794810277,1.668565558837273,3.053592584302965,0.5464270405340114,0.5847724268381952,NA,Bacteria,Acidobacteriota,Subgroup 26,Incertae Sedis_31,Incertae sedis (Acidobacteriota),Incertae Sedis_112,NA,Not tested or unresolved,FALSE
ASV_1652,8.093084553709076,1.660864686849032,3.050206304920093,0.5445089678589927,0.586091278935045,NA,NA,Unclassified phylum,NA,NA,Unclassified family,NA,NA,Not tested or unresolved,FALSE
ASV_1617,8.164400287385133,1.6599923354524824,3.050511062250108,0.5441686004665869,0.5863254570236016,NA,Bacteria,Pseudomonadota,Alphaproteobacteria_2,Rhodobacterales_2,Paracoccaceae,Sulfitobacter_2,NA,Not tested or unresolved,FALSE
ASV_1426,8.45795406364547,1.6594859919851035,3.0503661714725037,0.5440284538639568,0.5864218926864255,NA,NA,Unclassified phylum,NA,NA,Unclassified family,NA,NA,Not tested or unresolved,FALSE
ASV_1239,12.301148778296211,1.6571374428928576,3.0553525806860686,0.5423719191585913,0.5875623202398993,NA,NA,Unclassified phylum,NA,NA,Unclassified family,NA,NA,Not tested or unresolved,FALSE
ASV_1572,8.910285047995245,1.656410271571331,3.0508790694433774,0.5429288522647138,0.5871787897761874,NA,NA,Unclassified phylum,NA,NA,Unclassified family,NA,NA,Not tested or unresolved,FALSE
ASV_654,14.277040282606622,1.6509031557959903,3.0517736726792926,0.5409651346610467,0.5885316143387695,NA,NA,Unclassified phylum,NA,NA,Unclassified family,NA,NA,Not tested or unresolved,FALSE
ASV_2823,2.969877078074367,-1.646583732776946,3.0353246793743125,-0.542473674716197,0.5874922378993186,NA,NA,Unclassified phylum,NA,NA,Unclassified family,NA,NA,Not tested or unresolved,FALSE
ASV_2458,3.987684319744944,1.6439874267270702,3.058406399302859,0.537530730743241,0.5909010635102172,NA,Bacteria,Pseudomonadota,Gammaproteobacteria_2,NA,Unclassified family,NA,NA,Not tested or unresolved,FALSE
ASV_1423,10.546930293476501,1.641069471614805,3.0536533242653268,0.5374118465165417,0.5909831621204484,NA,NA,Unclassified phylum,NA,NA,Unclassified family,NA,NA,Not tested or unresolved,FALSE
ASV_2626,3.435862950130665,1.630071763682665,3.0612438258366113,0.5324867460491098,0.5943889190863296,NA,NA,Unclassified phylum,NA,NA,Unclassified family,NA,NA,Not tested or unresolved,FALSE
ASV_2705,3.2264042629203322,1.6250389806048284,3.0621984230766666,0.5306772312200826,0.5956424666758904,NA,Bacteria,Pseudomonadota,Gammaproteobacteria_2,NA,Unclassified family,NA,NA,Not tested or unresolved,FALSE
ASV_1085,15.913685528087878,1.6134140695747636,3.0588726790616314,0.5274538167668062,0.5978784796512782,NA,NA,Unclassified phylum,NA,NA,Unclassified family,NA,NA,Not tested or unresolved,FALSE
ASV_2754,3.1639368966978383,1.6099458516439955,3.0648263283347874,0.5252975794288245,0.5993763398404421,NA,NA,Unclassified phylum,NA,NA,Unclassified family,NA,NA,Not tested or unresolved,FALSE
ASV_2593,3.8532293303815313,1.5868044726557085,3.0643798751471003,0.5178223775469536,0.6045822037927604,NA,NA,Unclassified phylum,NA,NA,Unclassified family,NA,NA,Not tested or unresolved,FALSE
ASV_1694,2.5814535948366695,1.5769350602124619,3.0669067352481925,0.5141777029241311,0.6071277552655248,NA,NA,Unclassified phylum,NA,NA,Unclassified family,NA,NA,Not tested or unresolved,FALSE
ASV_29,7.015482141402712,-1.5591324511824052,3.046184436351906,-0.5118312708109078,0.6087691028484024,NA,Bacteria,Pseudomonadota,Gammaproteobacteria_2,NA,Unclassified family,NA,NA,Not tested or unresolved,FALSE
ASV_1124,10.296298911431503,-1.556577701518268,3.046997535352477,-0.5108562391200631,0.6094517256050666,NA,Bacteria,Pseudomonadota,Gammaproteobacteria_2,Incertae Sedis_143,Incertae sedis (Pseudomonadota),Incertae Sedis_916,NA,Not tested or unresolved,FALSE
ASV_1005,13.801643628551629,1.5432006152723077,2.992950071746178,0.515611880679305,0.6061255107973289,NA,Bacteria,Pseudomonadota,Gammaproteobacteria_2,NA,Unclassified family,NA,NA,Not tested or unresolved,FALSE
ASV_1058,10.688310134828276,-1.5142574818459433,2.9941851934215276,-0.5057327399697561,0.6130442812410224,NA,Bacteria,Planctomycetota,Planctomycetes,Planctomycetales,Gimesiaceae,Incertae Sedis_743,NA,Not tested or unresolved,FALSE
ASV_722,15.129773967172278,-1.501199989186601,2.8695731207854744,-0.5231440099270531,0.6008740411693085,NA,Bacteria,Unclassified phylum,NA,NA,Unclassified family,NA,NA,Not tested or unresolved,FALSE
ASV_811,11.917479864264473,1.4491086124570554,2.9973461702128303,0.48346388110191474,0.6287663996108417,NA,Bacteria,Acidobacteriota,Thermoanaerobaculia,Thermoanaerobaculales,Thermoanaerobaculaceae,Subgroup 10,NA,Not tested or unresolved,FALSE
ASV_725,13.526245976841203,1.4446550055199814,2.9981765685623647,0.481844538666613,0.6299163872377369,NA,NA,Unclassified phylum,NA,NA,Unclassified family,NA,NA,Not tested or unresolved,FALSE
ASV_1254,9.292650530717598,-1.4429528790970418,3.0568310455105117,-0.4720420780913846,0.6368967544736186,NA,Bacteria,Verrucomicrobiota,NA,NA,Unclassified family,NA,NA,Not tested or unresolved,FALSE
ASV_1184,12.055195866091427,1.4279335895723466,3.046209527586695,0.4687575088452965,0.6392429751957827,NA,Bacteria,Planctomycetota,Planctomycetes,Pirellulales,Pirellulaceae,Incertae Sedis_742,NA,Not tested or unresolved,FALSE
ASV_1820,5.5200715535396085,1.402715308537035,3.0032209290491942,0.46707030274363737,0.6404495804115489,NA,Bacteria,Acidobacteriota,Thermoanaerobaculia,Thermoanaerobaculales,Thermoanaerobaculaceae,NA,NA,Not tested or unresolved,FALSE
ASV_2405,4.532958760598286,1.3965968194175495,3.0529301723690523,0.4574611080389697,0.6473396504677269,NA,NA,Unclassified phylum,NA,NA,Unclassified family,NA,NA,Not tested or unresolved,FALSE
ASV_1288,7.701154769622262,1.3865084587339171,2.9993447168439804,0.46227045892639235,0.6438873813076879,NA,Bacteria,Pseudomonadota,Alphaproteobacteria_2,Puniceispirillales_2,EF100-94H03_2,Incertae Sedis_807,NA,Not tested or unresolved,FALSE
ASV_826,13.22751292980211,1.363401997004223,2.9948113163657673,0.45525472324537786,0.6489259953429201,NA,NA,Unclassified phylum,NA,NA,Unclassified family,NA,NA,Not tested or unresolved,FALSE
ASV_625,15.96448632242883,1.3373968089606623,2.9928790160099967,0.446859629743281,0.6549764138738035,NA,NA,Unclassified phylum,NA,NA,Unclassified family,NA,NA,Not tested or unresolved,FALSE
ASV_1179,8.40013707766464,1.3070113521728808,3.046603721991802,0.42900602488543726,0.667918840147012,NA,NA,Unclassified phylum,NA,NA,Unclassified family,NA,NA,Not tested or unresolved,FALSE
ASV_806,6.6785014071756015,-1.2727552237507176,3.0483879658580584,-0.41751746759453673,0.6762999504662762,NA,NA,Unclassified phylum,NA,NA,Unclassified family,NA,NA,Not tested or unresolved,FALSE
ASV_1151,10.953843266115195,1.2671759179016335,2.996413388059945,0.4228975624495117,0.6723700013374845,NA,Bacteria,Elusimicrobiota,Lineage IIb,Incertae Sedis_85,Incertae sedis (Elusimicrobiota),Incertae Sedis_549,NA,Not tested or unresolved,FALSE
ASV_1158,13.028682468670697,1.26613912432102,2.994207964806423,0.42286278682144796,0.6723953749973985,NA,Bacteria,Pseudomonadota,Gammaproteobacteria_2,Gammaproteobacteria Incertae Sedis_2,Unknown Family_7,Incertae Sedis_907,NA,Not tested or unresolved,FALSE
ASV_994,12.279546007480494,-1.2635986843746527,3.0455826565060344,-0.4148955477124642,0.6782183692773904,NA,Bacteria,Pseudomonadota,Alphaproteobacteria_2,NA,Unclassified family,NA,NA,Not tested or unresolved,FALSE
ASV_1164,10.829137469498438,-1.2573528464202017,3.0471652162596548,-0.4126303489259377,0.6798774623329882,NA,NA,Unclassified phylum,NA,NA,Unclassified family,NA,NA,Not tested or unresolved,FALSE
ASV_1256,11.640589133924882,1.253011226070962,2.994504380032757,0.41843693214342714,0.6756276888081083,NA,Bacteria,Planctomycetota,Planctomycetes,Pirellulales,Pirellulaceae,Bythopirellula,NA,Not tested or unresolved,FALSE
ASV_1332,9.016969008691738,1.2496310932463728,2.995896144730214,0.4171142899744625,0.6765948130942117,NA,Bacteria,Planctomycetota,Planctomycetes,Pirellulales,Pirellulaceae,Bremerella,NA,Not tested or unresolved,FALSE
ASV_783,15.058043685749457,1.2459520291901927,3.0451298495033017,0.409162200223883,0.6824206322274978,NA,Bacteria,Verrucomicrobiota,Verrucomicrobiia,Verrucomicrobiales_2,DEV007_2,Incertae Sedis_1063,NA,Not tested or unresolved,FALSE
ASV_729,15.293828620222714,1.2377484632429219,3.0463407268640728,0.40630663941425554,0.6845173076121094,NA,Bacteria,Patescibacteria,Gracilibacteria,Candidatus Peribacteria,Incertae sedis (Patescibacteria),Incertae Sedis_648,NA,Not tested or unresolved,FALSE
ASV_1759,6.365796020652374,1.2374572844695595,3.011835351930129,0.41086485145230045,0.6811716367833398,NA,Bacteria,Dependentiae,Babeliae,Babeliales,Vermiphilaceae,Incertae Sedis_537,NA,Not tested or unresolved,FALSE
ASV_1492,8.927102479421464,-1.2192479659217568,3.0487898330908902,-0.3999121069902258,0.6892212546593455,NA,Bacteria,Pseudomonadota,Gammaproteobacteria_2,NA,Unclassified family,NA,NA,Not tested or unresolved,FALSE
ASV_333,15.912733840076015,-1.2132015276838843,2.992133512463677,-0.40546370094459877,0.6851366951839785,NA,NA,Unclassified phylum,NA,NA,Unclassified family,NA,NA,Not tested or unresolved,FALSE
ASV_1708,6.342507594225276,1.2070903856694957,3.010167539870167,0.40100438586270826,0.6884168948416736,NA,NA,Unclassified phylum,NA,NA,Unclassified family,NA,NA,Not tested or unresolved,FALSE
ASV_1543,6.555053387651882,1.1950014029994145,2.999578425674063,0.3983897846347773,0.6903428867649262,NA,NA,Unclassified phylum,NA,NA,Unclassified family,NA,NA,Not tested or unresolved,FALSE
ASV_1017,14.081946124200304,1.1865878419433034,3.000566882292078,0.3954545552528696,0.6925074537718089,NA,Bacteria,Cyanobacteriota,Vampirivibrionia_2,Caenarcaniphilales_2,Incertae sedis (Cyanobacteriota),Incertae Sedis_526,NA,Not tested or unresolved,FALSE
ASV_1059,14.848760302669493,-1.1808598854123806,3.044079076940205,-0.3879202397722654,0.6980750595485972,NA,Bacteria,Actinomycetota,Acidimicrobiia_2,Microtrichales_2,Microtrichaceae_2,Incertae Sedis_124,NA,Not tested or unresolved,FALSE
ASV_1542,10.172942564000804,-1.1737761818589953,2.9941993391906734,-0.3920167126134845,0.6950458652712594,NA,NA,Unclassified phylum,NA,NA,Unclassified family,NA,NA,Not tested or unresolved,FALSE
ASV_1276,10.694041889814283,-1.14408124076072,3.045637613080501,-0.3756458863809284,0.7071801725740663,NA,Bacteria,Planctomycetota,Planctomycetes,Planctomycetales,Rubinisphaeraceae,Fuerstia,NA,Not tested or unresolved,FALSE
ASV_1083,11.4577918028225,-1.1364276884916273,3.0443390806361537,-0.3732920868506396,0.7089310652909783,NA,Bacteria,Actinomycetota,Acidimicrobiia_2,NA,Unclassified family,NA,NA,Not tested or unresolved,FALSE
ASV_1300,10.828979288187409,-1.1351400200367592,3.0450467706923954,-0.37278245804370563,0.7093103597597656,NA,Bacteria,Acidobacteriota,Vicinamibacteria,Subgroup 9,Incertae sedis (Acidobacteriota),Incertae Sedis_116,NA,Not tested or unresolved,FALSE
ASV_1261,11.528297794918327,-1.1279062484532199,2.9131668214727613,-0.3871753035698117,0.6986264320189163,NA,Bacteria,Planctomycetota,NA,NA,Unclassified family,NA,NA,Not tested or unresolved,FALSE
ASV_920,10.91488361081818,1.1262577005470615,3.050908558565567,0.3691548530305967,0.7120123049577951,NA,NA,Unclassified phylum,NA,NA,Unclassified family,NA,NA,Not tested or unresolved,FALSE
ASV_921,12.649713719601328,1.122598450243114,2.887853480392127,0.3887310965965912,0.6974750763165741,NA,NA,Unclassified phylum,NA,NA,Unclassified family,NA,NA,Not tested or unresolved,FALSE
ASV_1855,5.288524173293772,-1.1072172203207766,3.0489335469283105,-0.36314901695258583,0.716493570090841,NA,Bacteria,Planctomycetota,OM190,Incertae Sedis_134,Incertae sedis (Planctomycetota),Incertae Sedis_714,NA,Not tested or unresolved,FALSE
ASV_2305,3.9391768371699443,1.0857643956264322,3.0127717198543564,0.36038721037879373,0.7185575896180347,NA,Bacteria,Unclassified phylum,NA,NA,Unclassified family,NA,NA,Not tested or unresolved,FALSE
ASV_1145,7.8259677140820605,1.081203951634724,3.0467029267722348,0.35487672333717907,0.7226819470915505,NA,NA,Unclassified phylum,NA,NA,Unclassified family,NA,NA,Not tested or unresolved,FALSE
ASV_1549,8.65140740228158,-1.063162644392424,3.045087889353893,-0.34914021631671394,0.7269840457200224,NA,NA,Unclassified phylum,NA,NA,Unclassified family,NA,NA,Not tested or unresolved,FALSE
ASV_718,13.696243518878147,1.0619075192768357,3.044071124497128,0.34884451638831526,0.7272060409717405,NA,Bacteria,Verrucomicrobiota,Verrucomicrobiia,Pedosphaerales_2,Pedosphaeraceae_2,NA,NA,Not tested or unresolved,FALSE
ASV_742,16.501091226066524,-0.999230330621352,3.043871141673898,-0.328276160229257,0.742702867691666,NA,NA,Unclassified phylum,NA,NA,Unclassified family,NA,NA,Not tested or unresolved,FALSE
ASV_1466,10.098986479664308,-0.9824088399727615,2.9482022809189217,-0.33322301062278387,0.7389659497756236,NA,Bacteria,Unclassified phylum,NA,NA,Unclassified family,NA,NA,Not tested or unresolved,FALSE
ASV_1193,14.281773240065712,-0.9807331487079114,2.9920766899477593,-0.3277767418204226,0.7430804740227848,NA,Bacteria,Chloroflexota,Anaerolineae_2,NA,Unclassified family,NA,NA,Not tested or unresolved,FALSE
ASV_1140,11.566485567283477,-0.9701112950010998,2.692757830519419,-0.36026681790912124,0.7186476110572027,NA,Bacteria,Planctomycetota,Phycisphaerae,Phycisphaerales,Phycisphaeraceae,Incertae Sedis_730,NA,Not tested or unresolved,FALSE
ASV_330,11.809195664012355,0.9416343759731997,2.993833824428149,0.31452459661920645,0.7531226382322196,NA,NA,Unclassified phylum,NA,NA,Unclassified family,NA,NA,Not tested or unresolved,FALSE
ASV_1666,7.596446443343547,-0.9384135616842538,2.9515374647719947,-0.3179405895688829,0.7505300028115397,NA,Bacteria,Pseudomonadota,Gammaproteobacteria_2,Pseudomonadales_2,OM182 clade_2,Incertae Sedis_949,NA,Not tested or unresolved,FALSE
ASV_1858,4.530661801349391,-0.936697683322977,3.0507103933534143,-0.30704247947093277,0.7588110388917393,NA,NA,Unclassified phylum,NA,NA,Unclassified family,NA,NA,Not tested or unresolved,FALSE
ASV_1478,8.276896610083957,-0.9254058551011474,3.100230966904094,-0.29849577821140927,0.765324797839978,NA,NA,Unclassified phylum,NA,NA,Unclassified family,NA,NA,Not tested or unresolved,FALSE
ASV_837,14.885712917755379,-0.9183758153658959,2.992662499311997,-0.3068758390152673,0.7589378800035342,NA,Bacteria,Pseudomonadota,Alphaproteobacteria_2,Parvibaculales_2,PS1 clade_2,Incertae Sedis_801,NA,Not tested or unresolved,FALSE
ASV_1974,5.689257353571938,-0.9088006067576677,3.101031366801155,-0.2930639839658036,0.7694732453399766,NA,Bacteria,NB1-j,Incertae Sedis_36,Incertae Sedis_110,Incertae sedis (NB1-j),Incertae Sedis_623,NA,Not tested or unresolved,FALSE
ASV_1375,10.342599396261878,-0.866109085296448,3.044603498338581,-0.28447352365228434,0.7760475213143722,NA,Bacteria,Acidobacteriota,Thermoanaerobaculia,Thermoanaerobaculales,Thermoanaerobaculaceae,Subgroup 10,NA,Not tested or unresolved,FALSE
ASV_1078,14.413810019908908,-0.8529533247625799,3.0436949385673056,-0.28023614126193364,0.7792963403315855,NA,Bacteria,Pseudomonadota,Gammaproteobacteria_2,NA,Unclassified family,NA,NA,Not tested or unresolved,FALSE
ASV_1246,11.751155729197631,-0.8503141915593407,3.0445149668291727,-0.2792938122570418,0.7800193545355475,NA,Bacteria,Verrucomicrobiota,Verrucomicrobiia,Verrucomicrobiales_2,Unclassified family,NA,NA,Not tested or unresolved,FALSE
ASV_930,7.360808494257104,-0.8497246621024156,3.0465603269339705,-0.27891279702889404,0.780311747497503,NA,Bacteria,Verrucomicrobiota,Verrucomicrobiia,Opitutales_2,Puniceicoccaceae_2,Incertae Sedis_1059,NA,Not tested or unresolved,FALSE
ASV_1453,9.35380630973171,-0.8481926672324845,3.045168059185821,-0.2785372270912574,0.7805999921281763,NA,Bacteria,Unclassified phylum,NA,NA,Unclassified family,NA,NA,Not tested or unresolved,FALSE
ASV_2011,5.088581626004608,-0.8467845027204476,3.100709105384805,-0.27309382271619437,0.7847810950730956,NA,NA,Unclassified phylum,NA,NA,Unclassified family,NA,NA,Not tested or unresolved,FALSE
ASV_1438,9.3688867460873535,-0.8457729671955513,3.0449945857946243,-0.2777584469743278,0.7811977909369687,NA,Bacteria,Bacteroidota,Bacteroidia,Chitinophagales,Saprospiraceae,Aureispira,NA,Not tested or unresolved,FALSE
ASV_866,15.213010755111684,-0.8448337678826986,2.953191072325144,-0.2860748753440912,0.7748207743214489,NA,Bacteria,Unclassified phylum,NA,NA,Unclassified family,NA,NA,Not tested or unresolved,FALSE
ASV_1345,10.715961816879451,-0.8347113662407328,3.047447851322699,-0.2739050533312453,0.7841575880536069,NA,Bacteria,Acidobacteriota,Acidobacteriae,PAUC26f,Incertae sedis (Acidobacteriota),Incertae Sedis_83,NA,Not tested or unresolved,FALSE
ASV_1825,6.810539211080844,-0.8345975837962948,3.048246477571259,-0.2737959643149573,0.7842414251685432,NA,NA,Unclassified phylum,NA,NA,Unclassified family,NA,NA,Not tested or unresolved,FALSE
ASV_2586,3.589019887858175,-0.8331326390409138,3.0510234637866307,-0.2730666115582446,0.7848020118038388,NA,Bacteria,Planctomycetota,Planctomycetes,Pirellulales,Pirellulaceae,Pir4 lineage,NA,Not tested or unresolved,FALSE
ASV_2226,4.92366334410438,-0.8328751985649782,3.04953458296674,-0.2731155118610642,0.7847644231264277,NA,NA,Unclassified phylum,NA,NA,Unclassified family,NA,NA,Not tested or unresolved,FALSE
ASV_954,14.756913584826233,-0.8203047732580115,2.991945170912574,-0.27417105809054987,0.7839531685204029,NA,Bacteria,Unclassified phylum,NA,NA,Unclassified family,NA,NA,Not tested or unresolved,FALSE
ASV_1936,3.63666605871774,0.813391913402132,3.0532380748174557,0.2664030427600253,0.7899288220938063,NA,NA,Unclassified phylum,NA,NA,Unclassified family,NA,NA,Not tested or unresolved,FALSE
ASV_1214,6.887302423656681,-0.7956328714863465,2.9998097773559844,-0.2652277746049661,0.7908339998098453,NA,Bacteria,Verrucomicrobiota,Verrucomicrobiia,Opitutales_2,Puniceicoccaceae_2,Pelagicoccus_2,NA,Not tested or unresolved,FALSE
ASV_1329,9.234083506975026,-0.7949128560482427,3.10008855021186,-0.25641617752948326,0.7976294974696204,NA,NA,Unclassified phylum,NA,NA,Unclassified family,NA,NA,Not tested or unresolved,FALSE
ASV_1004,15.727406456061614,-0.787484202836357,2.9450175304677577,-0.26739542114415893,0.7891647245322305,NA,Bacteria,MBNT15,Incertae Sedis_35,Incertae Sedis_107,Incertae sedis (MBNT15),Incertae Sedis_598,NA,Not tested or unresolved,FALSE
ASV_706,15.37897208182838,-0.7849605333835242,2.5539839746184536,-0.3073474779734245,0.7585789010981823,NA,Bacteria,Pseudomonadota,Alphaproteobacteria_2,Rickettsiales_2,Rickettsiaceae_2,NA,NA,Not tested or unresolved,FALSE
ASV_732,15.283093283517955,0.7815748987980952,3.045739301766739,0.2566125401293301,0.7974778934803941,NA,Bacteria,Nitrospirota,Nitrospiria,Nitrospirales,Nitrospiraceae,Nitrospira,NA,Not tested or unresolved,FALSE
ASV_1647,6.819089481419044,0.7809033727980897,3.046473669985366,0.25633025503937507,0.7976958373112393,NA,NA,Unclassified phylum,NA,NA,Unclassified family,NA,NA,Not tested or unresolved,FALSE
ASV_1837,6.680301122806595,-0.7724152468526831,2.9540254345463057,-0.26147887483281423,0.7937232384421795,NA,Bacteria,Planctomycetota,Phycisphaerae,Phycisphaerales,Phycisphaeraceae,NA,NA,Not tested or unresolved,FALSE
ASV_1490,6.7090623630001875,0.7697814842754581,3.04813020127783,0.252542192571942,0.800622005723893,NA,Bacteria,Dependentiae,Babeliae,Babeliales,Unclassified family,NA,NA,Not tested or unresolved,FALSE
ASV_1047,14.884998774745974,-0.7676716084684315,3.043208344824963,-0.2522573289383464,0.800842168334341,NA,Bacteria,Planctomycetota,Planctomycetes,Planctomycetales,Unclassified family,NA,NA,Not tested or unresolved,FALSE
ASV_1669,7.656603192473146,0.7568390324949829,3.0014790244681673,0.25215536284785045,0.8009209787320191,NA,NA,Unclassified phylum,NA,NA,Unclassified family,NA,NA,Not tested or unresolved,FALSE
ASV_1117,13.552545927456826,0.7408366518897659,2.9925283614268103,0.24756211551376633,0.8044732258083989,NA,Bacteria,Planctomycetota,OM190,Incertae Sedis_134,Incertae sedis (Planctomycetota),Incertae Sedis_714,NA,Not tested or unresolved,FALSE
ASV_1733,6.045768522895675,-0.6822838977098855,3.1004112358012184,-0.22006238715412457,0.8258225674523991,NA,Bacteria,Planctomycetota,OM190,Incertae Sedis_134,Incertae sedis (Planctomycetota),Incertae Sedis_714,NA,Not tested or unresolved,FALSE
ASV_2142,4.31988023615511,-0.6754428573415037,3.1008222546158053,-0.21782701550727604,0.8275638946107857,NA,Bacteria,Myxococcota,Polyangiia,Nannocystales_2,Nannocystaceae_2,Incertae Sedis_612,NA,Not tested or unresolved,FALSE
ASV_934,13.164563268879157,-0.6598778161442356,2.992228450740571,-0.22053056008504868,0.8254579746544675,NA,NA,Unclassified phylum,NA,NA,Unclassified family,NA,NA,Not tested or unresolved,FALSE
ASV_1317,8.070268115724284,-0.6452588687988274,3.0443497629050844,-0.21195293545479027,0.8321437521204826,NA,NA,Unclassified phylum,NA,NA,Unclassified family,NA,NA,Not tested or unresolved,FALSE
ASV_1272,8.484801217218063,0.6447255714849588,3.0465708064827175,0.21162336687303124,0.8324008780604644,NA,Bacteria,Pseudomonadota,Gammaproteobacteria_2,Pseudomonadales_2,Unclassified family,NA,NA,Not tested or unresolved,FALSE
ASV_976,13.17752837333413,0.6263787965955457,3.0442911901279124,0.20575521770938973,0.8369821237441689,NA,Bacteria,Dependentiae,Babeliae,Babeliales,Incertae sedis (Dependentiae),Incertae Sedis_536,NA,Not tested or unresolved,FALSE
ASV_1786,6.162170753287759,-0.6087680986563052,2.950994327050158,-0.2062925343759761,0.8365624098253661,NA,NA,Unclassified phylum,NA,NA,Unclassified family,NA,NA,Not tested or unresolved,FALSE
ASV_871,16.168902733892825,-0.6002403067485805,2.9412040941015256,-0.20407978757827105,0.8382911491179943,NA,NA,Unclassified phylum,NA,NA,Unclassified family,NA,NA,Not tested or unresolved,FALSE
ASV_2128,5.140369700088687,-0.5908065112137071,3.048236308289272,-0.19381913062549894,0.8463175069810317,NA,Bacteria,Verrucomicrobiota,Verrucomicrobiia,Verrucomicrobiales_2,Rubritaleaceae_2,Roseibacillus_2,NA,Not tested or unresolved,FALSE
ASV_1460,6.07374535882419,-0.5887944758385155,3.0505007696264608,-0.19301567850796328,0.8469466892976919,NA,NA,Unclassified phylum,NA,NA,Unclassified family,NA,NA,Not tested or unresolved,FALSE
ASV_1558,7.967938509742237,-0.585854679334605,3.0476803278282634,-0.19222970138475032,0.8475622813915569,NA,Bacteria,Bacteroidota,Bacteroidia,Chitinophagales,Saprospiraceae,Membranihabitans,NA,Not tested or unresolved,FALSE
ASV_2897,2.72789542712606,-0.5849859815603563,3.0538464605678017,-0.19155710318572788,0.8480891468463493,NA,Bacteria,Pseudomonadota,Alphaproteobacteria_2,NA,Unclassified family,NA,NA,Not tested or unresolved,FALSE
ASV_1726,10.481003429956015,-0.5836337548568835,3.0474951244205006,-0.19151261315565352,0.8481239995588277,NA,Bacteria,Planctomycetota,Planctomycetes,Pirellulales,Pirellulaceae,NA,NA,Not tested or unresolved,FALSE
ASV_1585,9.960234996738619,-0.571854387330603,3.044862704013264,-0.18780958056889516,0.8510259252054664,NA,NA,Unclassified phylum,NA,NA,Unclassified family,NA,NA,Not tested or unresolved,FALSE
ASV_2406,5.408731045821466,-0.5696172645186196,3.101188176174236,-0.18367710443850746,0.8542667713140334,NA,Bacteria,Acidobacteriota,Subgroup 22,Incertae Sedis_29,Incertae sedis (Acidobacteriota),Incertae Sedis_110,NA,Not tested or unresolved,FALSE
ASV_1142,16.487621707434382,-0.5685965553110349,3.04345767446373,-0.1868258461689381,0.8517971813849252,NA,Bacteria,Planctomycetota,Planctomycetes,Pirellulales,Pirellulaceae,NA,NA,Not tested or unresolved,FALSE
ASV_1888,7.554753712901451,-0.5678178150781912,3.046248461624683,-0.18639904861054957,0.8521318384549479,NA,NA,Unclassified phylum,NA,NA,Unclassified family,NA,NA,Not tested or unresolved,FALSE
ASV_2893,3.5125063770173606,-0.5668627915237335,3.0507582655130467,-0.1858104583151573,0.852593402810025,NA,NA,Unclassified phylum,NA,NA,Unclassified family,NA,NA,Not tested or unresolved,FALSE
ASV_1788,5.488933529410975,-0.5607409896545698,3.1004657111988383,-0.1808570201660935,0.856479805379587,NA,Bacteria,Unclassified phylum,NA,NA,Unclassified family,NA,NA,Not tested or unresolved,FALSE
ASV_2283,5.311579452896404,-0.5582912814494569,3.0495832399879093,-0.1830713371351262,0.8547420453258354,NA,NA,Unclassified phylum,NA,NA,Unclassified family,NA,NA,Not tested or unresolved,FALSE
ASV_1156,10.43788202930256,-0.5553584542167309,3.09994532486304,-0.17915104816929875,0.8578190996860282,NA,NA,Unclassified phylum,NA,NA,Unclassified family,NA,NA,Not tested or unresolved,FALSE
ASV_1501,8.540708451062523,-0.5548527536468,3.0482598211619174,-0.18202278880390993,0.855564841767277,NA,NA,Unclassified phylum,NA,NA,Unclassified family,NA,NA,Not tested or unresolved,FALSE
ASV_1008,12.396274789622716,-0.5536462836420749,3.099854092746996,-0.17860398169626446,0.8582486678226475,NA,NA,Unclassified phylum,NA,NA,Unclassified family,NA,NA,Not tested or unresolved,FALSE
ASV_2065,6.761637695542911,-0.5531675452053518,3.0463631283079233,-0.18158293082827723,0.8559100453686245,NA,Bacteria,Pseudomonadota,Gammaproteobacteria_2,Gammaproteobacteria Incertae Sedis_2,Unknown Family_7,Incertae Sedis_907,NA,Not tested or unresolved,FALSE
ASV_1767,5.846797423578645,0.5410491357411192,3.047204776870102,0.17755588329605176,0.8590717739347506,NA,Bacteria,Pseudomonadota,Alphaproteobacteria_2,Kiloniellales_2,Kiloniellaceae_2,Pelagibius_2,NA,Not tested or unresolved,FALSE
ASV_763,13.218707136537306,0.5324228623189594,3.0445095614792828,0.17487968146181906,0.8611741760765868,NA,NA,Unclassified phylum,NA,NA,Unclassified family,NA,NA,Not tested or unresolved,FALSE
ASV_2478,4.006363309940973,-0.5258983926773193,3.0484186744797825,-0.17251514599354195,0.8630325550888656,NA,Bacteria,Bacteroidota,Bacteroidia,Cytophagales,Amoebophilaceae,Incertae Sedis_331,NA,Not tested or unresolved,FALSE
ASV_917,12.47991495769749,0.5255151709510525,3.0441110354568046,0.17263337796487202,0.8629396139606965,NA,Bacteria,Pseudomonadota,Gammaproteobacteria_2,NA,Unclassified family,NA,NA,Not tested or unresolved,FALSE
ASV_1646,8.301878882943889,-0.5213518633316478,3.0447257702151944,-0.1712311395764223,0.8640420232258393,NA,NA,Unclassified phylum,NA,NA,Unclassified family,NA,NA,Not tested or unresolved,FALSE
ASV_1391,10.790015182726561,-0.5193203447598806,3.044491915388055,-0.17057701553912236,0.8645563719675153,NA,Bacteria,Pseudomonadota,Alphaproteobacteria_2,NA,Unclassified family,NA,NA,Not tested or unresolved,FALSE
ASV_1857,6.9824884609114495,-0.5187231436203726,3.0456785737414833,-0.1703144737900375,0.8647628291169647,NA,NA,Unclassified phylum,NA,NA,Unclassified family,NA,NA,Not tested or unresolved,FALSE
ASV_1176,14.222001155655738,-0.5181793841405605,3.0443197118901684,-0.17021188087332373,0.8648435084756856,NA,Bacteria,Pseudomonadota,Gammaproteobacteria_2,NA,Unclassified family,NA,NA,Not tested or unresolved,FALSE
ASV_1325,8.019241524001414,-0.5153052613616965,3.0446809091067193,-0.1692477066547122,0.8656018065234953,NA,Bacteria,Planctomycetota,OM190,Incertae Sedis_134,Incertae sedis (Planctomycetota),Incertae Sedis_714,NA,Not tested or unresolved,FALSE
ASV_2222,3.5559606542953235,-0.5152603565146548,3.0489238205355225,-0.16899745183667886,0.8657986457117893,NA,NA,Unclassified phylum,NA,NA,Unclassified family,NA,NA,Not tested or unresolved,FALSE
ASV_2118,3.6944365952224194,-0.5113918058505944,3.048816459497897,-0.16773453326698926,0.8667921274450856,NA,Bacteria,Bdellovibrionota,Bdellovibrionia,Bdellovibrionales,Pseudobdellovibrionaceae,OM27 clade_2,NA,Not tested or unresolved,FALSE
ASV_2776,2.4886375769077413,-0.5106994276652004,3.1018753037996185,-0.16464215277758684,0.8692256508218248,NA,Bacteria,Bacteroidota,Bacteroidia,NA,Unclassified family,NA,NA,Not tested or unresolved,FALSE
ASV_1613,7.9032945570161655,-0.5075133883453459,3.0473815295221245,-0.16654081001302506,0.8677313698287692,NA,Bacteria,Dependentiae,Babeliae,Babeliales,Babeliaceae,Incertae Sedis_535,NA,Not tested or unresolved,FALSE
ASV_1234,9.378550047478576,-0.5060622092330087,3.100001036390331,-0.1632458193698774,0.8703248914018399,NA,Bacteria,Planctomycetota,Planctomycetes,Pirellulales,Pirellulaceae,NA,NA,Not tested or unresolved,FALSE
ASV_2005,4.519272023499294,-0.503232041417025,3.0480198301615693,-0.16510130165076706,0.8688642485025878,NA,NA,Unclassified phylum,NA,NA,Unclassified family,NA,NA,Not tested or unresolved,FALSE
ASV_896,15.24838125707866,0.5031610656515836,3.0436930480303794,0.16531268354316703,0.8686978761466373,NA,Bacteria,Planctomycetota,BD7-11,Incertae Sedis_132,Incertae sedis (Planctomycetota),Incertae Sedis_708,NA,Not tested or unresolved,FALSE
ASV_1637,3.8824936605274067,-0.5030168955332228,3.0482904199327714,-0.1650160667907478,0.8689313359509472,NA,NA,Unclassified phylum,NA,NA,Unclassified family,NA,NA,Not tested or unresolved,FALSE
ASV_2177,4.035828871746026,-0.5021590091181447,3.048790278330415,-0.1647076260664076,0.8691741142343011,NA,Bacteria,Actinomycetota,Acidimicrobiia_2,NA,Unclassified family,NA,NA,Not tested or unresolved,FALSE
ASV_2395,4.213152045591858,-0.4998256458549824,3.0477681296065064,-0.16399726770537307,0.8697332947460348,NA,Bacteria,Planctomycetota,Planctomycetes,Planctomycetales,Unclassified family,NA,NA,Not tested or unresolved,FALSE
ASV_1093,14.21514119602267,-0.49903200916903884,3.043272299139938,-0.16397875711288495,0.8697478668024174,NA,Bacteria,Acidobacteriota,Vicinamibacteria,Subgroup 9,Incertae sedis (Acidobacteriota),Incertae Sedis_116,NA,Not tested or unresolved,FALSE
ASV_2254,3.0747061389642036,-0.4988928209414348,3.0516875730565927,-0.1634809622538588,0.8701397614181865,NA,NA,Unclassified phylum,NA,NA,Unclassified family,NA,NA,Not tested or unresolved,FALSE
ASV_1665,7.667252278947288,-0.4978316711661015,3.044949404966705,-0.16349423420766002,0.8701293125086549,NA,Bacteria,Acidobacteriota,Vicinamibacteria,Subgroup 17,Incertae sedis (Acidobacteriota),Incertae Sedis_115,NA,Not tested or unresolved,FALSE
ASV_891,12.790849406555973,0.4977523161988954,3.0437827181467236,0.1635308306441674,0.8701005005265579,NA,NA,Unclassified phylum,NA,NA,Unclassified family,NA,NA,Not tested or unresolved,FALSE
ASV_1194,9.930118989449033,-0.49695064739351086,3.0443414174655223,-0.16323748858865922,0.8703314504268409,NA,Bacteria,Pseudomonadota,Alphaproteobacteria_2,Hyphomicrobiales,Rhizobiaceae_2,NA,NA,Not tested or unresolved,FALSE
ASV_1182,9.785590964801658,-0.49502560156153635,3.0441918569664477,-0.16261314162203686,0.8708230392060976,NA,Bacteria,Acidobacteriota,AT-s3-28,Incertae Sedis_17,Incertae sedis (Acidobacteriota),Incertae Sedis_91,NA,Not tested or unresolved,FALSE
ASV_2143,5.248308145711762,-0.4948071715039662,3.0463948073490914,-0.1624238494335332,0.8709720910673382,NA,Bacteria,Pseudomonadota,Alphaproteobacteria_2,Rhodobacterales_2,Paracoccaceae,NA,NA,Not tested or unresolved,FALSE
ASV_1996,5.913106376405552,-0.494716581155506,3.0459539352954725,-0.16241761749017258,0.8709769982825785,NA,NA,Unclassified phylum,NA,NA,Unclassified family,NA,NA,Not tested or unresolved,FALSE
ASV_1841,6.689677613601621,-0.4940849864447314,3.0455668517935477,-0.16223087867986302,0.8711240442099938,NA,Bacteria,Unclassified phylum,NA,NA,Unclassified family,NA,NA,Not tested or unresolved,FALSE
ASV_1880,6.419413134038025,-0.4937617438298353,3.045336100109973,-0.1621370277691203,0.8711979480136453,NA,Bacteria,Planctomycetota,Planctomycetes,Pirellulales,Pirellulaceae,NA,NA,Not tested or unresolved,FALSE
ASV_1774,5.08209900285418,-0.49288492356052477,3.046486567303445,-0.1617879851663994,0.8714728148368878,NA,Bacteria,Pseudomonadota,Gammaproteobacteria_2,Nitrosococcales_2,Nitrosococcaceae_2,Cm1-21_2,NA,Not tested or unresolved,FALSE
ASV_713,9.134690006328562,-0.4927630555879134,3.044368658824012,-0.16186050732050938,0.871415703240056,NA,NA,Unclassified phylum,NA,NA,Unclassified family,NA,NA,Not tested or unresolved,FALSE
ASV_1068,9.976731451714704,-0.4926253450124984,3.0440819439178495,-0.16183051379309152,0.8714393232272434,NA,Bacteria,Pseudomonadota,Alphaproteobacteria_2,NA,Unclassified family,NA,NA,Not tested or unresolved,FALSE
ASV_1040,15.121821513105216,-0.49187692174209435,3.0430924365554404,-0.1616371937419237,0.8715915660611839,NA,Bacteria,Bacteroidota,Bacteroidia,Flavobacteriales,Flavobacteriaceae,NA,NA,Not tested or unresolved,FALSE
ASV_1667,5.517782467035955,-0.49077896032114715,3.0460837601881914,-0.16111801216222174,0.8720004539293855,NA,Bacteria,Planctomycetota,Planctomycetes,Pirellulales,Pirellulaceae,NA,NA,Not tested or unresolved,FALSE
ASV_980,6.637119338722702,-0.4897742439613619,3.045208137693314,-0.16083440665318735,0.8722238254046566,NA,Bacteria,Planctomycetota,Pla3 lineage,Incertae Sedis_135,Incertae sedis (Planctomycetota),Incertae Sedis_737,NA,Not tested or unresolved,FALSE
ASV_3077,2.4006080598513244,-0.4888179234652934,3.0519681995311587,-0.1601648154592126,0.8727512447397996,NA,Bacteria,Pseudomonadota,Gammaproteobacteria_2,NA,Unclassified family,NA,NA,Not tested or unresolved,FALSE
ASV_1096,9.816490990458803,-0.4877775320849561,3.0440717576519303,-0.16023851305700076,0.8726931923099743,NA,Bacteria,Nitrospinota,Nitrospinia,Nitrospinales,Nitrospinaceae,Nitrospina,NA,Not tested or unresolved,FALSE
ASV_1238,12.050575414240221,-0.48748223015710557,3.0435243933400233,-0.16017030493458048,0.8727469205944526,NA,Bacteria,Pseudomonadota,Alphaproteobacteria_2,Kiloniellales_2,Kiloniellaceae_2,Incertae Sedis_791,NA,Not tested or unresolved,FALSE
ASV_1602,5.315653171553596,-0.48743563271220813,3.046758155842766,-0.159985009567449,0.8728928827455112,NA,NA,Unclassified phylum,NA,NA,Unclassified family,NA,NA,Not tested or unresolved,FALSE
ASV_1511,8.81418138556947,-0.4871927267471041,3.044277848397183,-0.1600355654145077,0.8728530581137713,NA,Bacteria,Unclassified phylum,NA,NA,Unclassified family,NA,NA,Not tested or unresolved,FALSE
ASV_1205,6.855732885238422,-0.48712011524015086,3.045997095138549,-0.15992139848642697,0.8729429919051513,NA,Bacteria,Myxococcota,bacteriap25,Incertae Sedis_108,Incertae sedis (Myxococcota),Incertae Sedis_602,NA,Not tested or unresolved,FALSE
ASV_1598,6.223934991329848,-0.48551938623367474,3.100315602995707,-0.15660321348076223,0.875557569805571,NA,NA,Unclassified phylum,NA,NA,Unclassified family,NA,NA,Not tested or unresolved,FALSE
ASV_2690,3.253913453630392,-0.4835097977403716,3.0491936995988267,-0.15856972215441267,0.8740078851435285,NA,Bacteria,Thermodesulfobacteriota,Incertae Sedis_50,Incertae Sedis_156,Incertae sedis (Thermodesulfobacteriota),Incertae Sedis_1019,NA,Not tested or unresolved,FALSE
ASV_1843,4.197643875681667,-0.48100282262717725,3.048742185584244,-0.15777090791788306,0.8746373236238929,NA,NA,Unclassified phylum,NA,NA,Unclassified family,NA,NA,Not tested or unresolved,FALSE
ASV_1417,5.945194555884811,0.4807447361308408,3.0458164928800797,0.15783772175856056,0.8745846735416243,NA,NA,Unclassified phylum,NA,NA,Unclassified family,NA,NA,Not tested or unresolved,FALSE
ASV_1773,4.821318741417011,-0.47580390533698036,3.0468543839239763,-0.1561623383931473,0.875905062082619,NA,Bacteria,Bacteroidota,Bacteroidia,NA,Unclassified family,NA,NA,Not tested or unresolved,FALSE
ASV_736,13.105602731589679,-0.4745020298764126,3.04781543222148,-0.15568594635356886,0.8762805752725306,NA,Bacteria,Patescibacteria,Gracilibacteria,Candidatus Peribacteria,Incertae sedis (Patescibacteria),Incertae Sedis_648,NA,Not tested or unresolved,FALSE
ASV_1570,9.247246245472299,0.4738501651782087,3.0456243090009805,0.15558391879714148,0.8763610015107263,NA,Bacteria,Acidobacteriota,Thermoanaerobaculia,Thermoanaerobaculales,Thermoanaerobaculaceae,Subgroup 10,NA,Not tested or unresolved,FALSE
ASV_1289,8.749654333143946,0.46632804840784214,3.048351623697831,0.1529771187754773,0.8784163194593414,NA,NA,Unclassified phylum,NA,NA,Unclassified family,NA,NA,Not tested or unresolved,FALSE
ASV_1402,7.844574281761615,0.46519200152732076,3.047188949893546,0.15266267014507662,0.8786643005283729,NA,NA,Unclassified phylum,NA,NA,Unclassified family,NA,NA,Not tested or unresolved,FALSE
ASV_972,14.908950424366216,-0.4633793358331654,3.0453730144358064,-0.1521584822734801,0.8790619389503467,NA,Bacteria,Pseudomonadota,Gammaproteobacteria_2,NA,Unclassified family,NA,NA,Not tested or unresolved,FALSE
ASV_28,3.927918254854004,-0.4591146126530834,3.0489263671423044,-0.1505823878204714,0.880305155439069,NA,Bacteria,Pseudomonadota,Gammaproteobacteria_2,Pseudomonadales_2,Halieaceae_2,OM60(NOR5) clade_2,NA,Not tested or unresolved,FALSE
ASV_2434,5.073690981308477,-0.45102353597892547,3.101243060449382,-0.14543314638278318,0.8843688958273185,NA,NA,Unclassified phylum,NA,NA,Unclassified family,NA,NA,Not tested or unresolved,FALSE
ASV_1813,7.49701598833456,-0.4472579998831935,3.0462950498089527,-0.14682031535692613,0.8832738491181501,NA,Bacteria,Planctomycetota,Planctomycetes,Pirellulales,Pirellulaceae,NA,NA,Not tested or unresolved,FALSE
ASV_1729,5.5506034971878355,-0.4469277816332697,2.9557817304228524,-0.15120459573628003,0.8798143251054663,NA,NA,Unclassified phylum,NA,NA,Unclassified family,NA,NA,Not tested or unresolved,FALSE
ASV_1103,9.75796302500836,-0.4467416228893006,3.044215104928584,-0.14675100395041926,0.8833285590422594,NA,Bacteria,Planctomycetota,Planctomycetes,Pirellulales,Pirellulaceae,NA,NA,Not tested or unresolved,FALSE
ASV_1854,5.138766863676139,-0.444326608393057,3.100566664801706,-0.14330496855208677,0.8860493319981979,NA,NA,Unclassified phylum,NA,NA,Unclassified family,NA,NA,Not tested or unresolved,FALSE
ASV_1316,11.307872933887905,-0.4436883165147134,3.0437439587127306,-0.14577057812128172,0.8841025030236297,NA,Bacteria,Bacteroidota,Bacteroidia,NA,Unclassified family,NA,NA,Not tested or unresolved,FALSE
ASV_644,16.262375578429292,-0.44339094738898116,3.0445891488610552,-0.14563244027682634,0.8842115573582918,NA,Bacteria,Planctomycetota,OM190,Incertae Sedis_134,Incertae sedis (Planctomycetota),Incertae Sedis_714,NA,Not tested or unresolved,FALSE
ASV_997,6.35050626672704,-0.4426172138264207,3.1002874415911683,-0.1427665086432293,0.8864745883077434,NA,NA,Unclassified phylum,NA,NA,Unclassified family,NA,NA,Not tested or unresolved,FALSE
ASV_902,16.16140911546497,-0.44109183956984144,3.0458801283710955,-0.1448158893257998,0.8848562366063986,NA,Bacteria,Pseudomonadota,Alphaproteobacteria_2,Rhodobacterales_2,Paracoccaceae,NA,NA,Not tested or unresolved,FALSE
ASV_1931,7.581747631849238,-0.43947238804086536,3.1006216072811377,-0.1417368656042581,0.8872878543488741,NA,Bacteria,Planctomycetota,Planctomycetes,Pirellulales,Pirellulaceae,NA,NA,Not tested or unresolved,FALSE
ASV_1749,5.78925615312697,-0.4374771806377918,3.0475209836701396,-0.14355181899713668,0.8858543893389041,NA,Bacteria,Verrucomicrobiota,Verrucomicrobiia,Verrucomicrobiales_2,DEV007_2,Incertae Sedis_1063,NA,Not tested or unresolved,FALSE
ASV_1548,9.09335269433373,-0.43722692037323435,3.0465987415515046,-0.1435131297108634,0.8858849425742381,NA,Bacteria,Planctomycetota,Planctomycetes,Planctomycetales,Rubinisphaeraceae,Incertae Sedis_745,NA,Not tested or unresolved,FALSE
ASV_1870,4.458568272586189,-0.43671195624640974,3.0486292811860944,-0.14324862617487663,0.8860938276504615,NA,NA,Unclassified phylum,NA,NA,Unclassified family,NA,NA,Not tested or unresolved,FALSE
ASV_1433,5.70034788493451,-0.4361475138303172,3.047972923621271,-0.14309428750178463,0.8862157164289319,NA,Bacteria,Verrucomicrobiota,Verrucomicrobiia,Pedosphaerales_2,Pedosphaeraceae_2,NA,NA,Not tested or unresolved,FALSE
ASV_1328,8.765424841738387,-0.43605827354534354,3.0458905055608194,-0.14316281978923437,0.8861615928062194,NA,NA,Unclassified phylum,NA,NA,Unclassified family,NA,NA,Not tested or unresolved,FALSE
ASV_2270,2.9917006390326524,-0.43558777405742377,3.05129307757368,-0.14275514117568588,0.8864835662784027,NA,NA,Unclassified phylum,NA,NA,Unclassified family,NA,NA,Not tested or unresolved,FALSE
ASV_2469,4.162311257031934,-0.43414471834940993,3.0484145855289944,-0.1424165598768359,0.8867509828184046,NA,Bacteria,Planctomycetota,Planctomycetes,Pirellulales,Pirellulaceae,Bremerella,NA,Not tested or unresolved,FALSE
ASV_2088,4.053675834644897,-0.4330585934204405,3.100803323573922,-0.13966012940198547,0.8889285297145784,NA,Bacteria,Rhodothermota,Rhodothermia_2,Rhodothermales_2,Rhodothermaceae_2,Incertae Sedis_977,NA,Not tested or unresolved,FALSE
ASV_1161,13.847660840325478,-0.4328130257873891,3.043291125764291,-0.142218738826274,0.8869072307930235,NA,NA,Unclassified phylum,NA,NA,Unclassified family,NA,NA,Not tested or unresolved,FALSE
ASV_2190,5.314662077792197,-0.431914370622502,3.0467931644697024,-0.14176031890162033,0.8872693283810674,NA,NA,Unclassified phylum,NA,NA,Unclassified family,NA,NA,Not tested or unresolved,FALSE
ASV_1271,8.992992396889376,-0.4301161914047415,3.0448011462086613,-0.141262489979129,0.8876625810730203,NA,Bacteria,Pseudomonadota,Alphaproteobacteria_2,Rhodobacterales_2,Paracoccaceae,NA,NA,Not tested or unresolved,FALSE
ASV_2725,3.3337392038660147,-0.4297384143416615,3.0492071399684697,-0.14093447726417996,0.8879217050504857,NA,Bacteria,Bacteroidota,Bacteroidia,Flavobacteriales,Flavobacteriaceae,Maritimimonas,NA,Not tested or unresolved,FALSE
ASV_1439,10.349660607650799,0.4295703794030782,3.0448479176353267,0.14108106251056665,0.8878059039351435,NA,Bacteria,Planctomycetota,Pla3 lineage,Incertae Sedis_135,Incertae sedis (Planctomycetota),Incertae Sedis_737,NA,Not tested or unresolved,FALSE
ASV_2416,4.345466388342766,-0.429009199874311,3.0473634066907214,-0.14078045267997516,0.8880433857578237,NA,NA,Unclassified phylum,NA,NA,Unclassified family,NA,NA,Not tested or unresolved,FALSE
ASV_2822,3.087112687036472,-0.42768972081547596,3.049775130809766,-0.14023647727165944,0.8884731519670847,NA,Bacteria,Pseudomonadota,Gammaproteobacteria_2,NA,Unclassified family,NA,NA,Not tested or unresolved,FALSE
ASV_1554,6.275809667343978,-0.4276217766287733,3.045812184172697,-0.1403966334007308,0.8883466176662068,NA,NA,Unclassified phylum,NA,NA,Unclassified family,NA,NA,Not tested or unresolved,FALSE
ASV_2103,5.5865097117803195,-0.4267156793321585,3.046218721863771,-0.1400804467090533,0.8885964295212729,NA,Bacteria,Unclassified phylum,NA,NA,Unclassified family,NA,NA,Not tested or unresolved,FALSE
ASV_940,16.249613306547324,0.42669345888073895,2.67341547325303,0.15960611552888765,0.8731913612489566,NA,Bacteria,Planctomycetota,Phycisphaerae,Phycisphaerales,Phycisphaeraceae,NA,NA,Not tested or unresolved,FALSE
ASV_2956,2.751793667529637,-0.42601947181954547,3.050707966099015,-0.13964610069324426,0.8889396143838328,NA,NA,Unclassified phylum,NA,NA,Unclassified family,NA,NA,Not tested or unresolved,FALSE
ASV_992,10.365427567161532,-0.42500821783920617,3.0440935099158732,-0.13961733319123687,0.8889623448577302,NA,Bacteria,Planctomycetota,NA,NA,Unclassified family,NA,NA,Not tested or unresolved,FALSE
ASV_2957,2.7460235415733907,-0.4241245833079711,3.0507627185177917,-0.13902247484984062,0.8894323891412789,NA,Bacteria,Pseudomonadota,Gammaproteobacteria_2,Pseudomonadales_2,KI89A clade_2,Incertae Sedis_945,NA,Not tested or unresolved,FALSE
ASV_1429,9.957197217281667,-0.424077941873979,3.044902224355115,-0.13927473220057016,0.8892330560447529,NA,Bacteria,Verrucomicrobiota,Verrucomicrobiia,Verrucomicrobiales_2,DEV007_2,Incertae Sedis_1063,NA,Not tested or unresolved,FALSE
ASV_1462,5.979720544031988,-0.4220508325898945,3.0459973539753706,-0.1385591592977159,0.8897985180764094,NA,Bacteria,Pseudomonadota,Alphaproteobacteria_2,Rhodobacterales_2,Paracoccaceae,NA,NA,Not tested or unresolved,FALSE
ASV_1696,5.892978101505923,-0.42203966173009255,3.046848898446868,-0.13851676791232653,0.88983201847813,NA,Bacteria,Latescibacterota,Incertae Sedis_30,Incertae Sedis_102,Incertae sedis (Latescibacterota),Incertae Sedis_592,NA,Not tested or unresolved,FALSE
ASV_2389,4.474549772713784,-0.4193048005023123,3.047161148929072,-0.13760506255131186,0.8905525542580385,NA,NA,Unclassified phylum,NA,NA,Unclassified family,NA,NA,Not tested or unresolved,FALSE
ASV_872,11.26133366484326,-0.4188085635300875,3.0448723607011092,-0.13754552372555054,0.8905996119247118,NA,NA,Unclassified phylum,NA,NA,Unclassified family,NA,NA,Not tested or unresolved,FALSE
ASV_1510,5.8022751970139,-0.4184922691576102,3.0460265279265135,-0.13738956812122236,0.8907228762902691,NA,Bacteria,Planctomycetota,Planctomycetes,Pirellulales,Pirellulaceae,Rubripirellula,NA,Not tested or unresolved,FALSE
ASV_1265,7.12593323818845,-0.4182377819913094,3.045911890032529,-0.13731118860002312,0.8907848269816259,NA,NA,Unclassified phylum,NA,NA,Unclassified family,NA,NA,Not tested or unresolved,FALSE
ASV_1255,8.773907974206374,-0.41719148077479307,3.100030690261512,-0.13457656470478352,0.8929466716787944,NA,Bacteria,Pseudomonadota,Gammaproteobacteria_2,Nitrosococcales_2,Nitrosococcaceae_2,NA,NA,Not tested or unresolved,FALSE
ASV_1943,3.8577106633709226,-0.41624466216186806,3.0487403299144296,-0.13653004753394363,0.8914022724476629,NA,NA,Unclassified phylum,NA,NA,Unclassified family,NA,NA,Not tested or unresolved,FALSE
ASV_984,16.020185108373944,0.415578790515877,3.0449459087644217,0.1364815017960403,0.8914406471380238,NA,Bacteria,Planctomycetota,OM190,Incertae Sedis_134,Incertae sedis (Planctomycetota),Incertae Sedis_714,NA,Not tested or unresolved,FALSE
ASV_1208,8.752710242041221,-0.4141271751647235,3.0444175977194403,-0.1360283738587454,0.8917988503450691,NA,Bacteria,Bacteroidota,Bacteroidia,Chitinophagales,Saprospiraceae,Incertae Sedis_330,NA,Not tested or unresolved,FALSE
ASV_1539,6.102704001621533,-0.41244828667767497,3.045737388178178,-0.13541820390640535,0.8922812320672306,NA,Bacteria,Planctomycetota,OM190,Incertae Sedis_134,Incertae sedis (Planctomycetota),Incertae Sedis_714,NA,Not tested or unresolved,FALSE
ASV_1155,7.540970581984107,-0.4105277430597075,3.0473798647716874,-0.13471498837591245,0.8928372222104181,NA,NA,Unclassified phylum,NA,NA,Unclassified family,NA,NA,Not tested or unresolved,FALSE
ASV_1581,4.882284978973132,-0.4100341959057506,3.0486823597606945,-0.13449554513049897,0.8930107335564962,NA,NA,Unclassified phylum,NA,NA,Unclassified family,NA,NA,Not tested or unresolved,FALSE
ASV_1747,4.278432767497515,-0.4093838174221134,3.0493609903309973,-0.13425232982260857,0.8932030471923079,NA,Bacteria,Unclassified phylum,NA,NA,Unclassified family,NA,NA,Not tested or unresolved,FALSE
ASV_1038,14.684252909014859,0.4033254477527265,3.0437110570732964,0.13251108275059037,0.8945800575588294,NA,Bacteria,Candidatus Eremiobacterota,Eremiobacteria,Incertae Sedis_56,Incertae sedis (Candidatus Eremiobacterota),Incertae Sedis_396,NA,Not tested or unresolved,FALSE
ASV_2059,4.063994873252294,-0.39456901814198353,3.100789382964108,-0.12724792606352608,0.8987441741374854,NA,Bacteria,Planctomycetota,Planctomycetes,Pirellulales,Pirellulaceae,NA,NA,Not tested or unresolved,FALSE
ASV_919,10.526247932684251,-0.38757920932363715,3.052121633884592,-0.126986816324992,0.8989508331194507,NA,NA,Unclassified phylum,NA,NA,Unclassified family,NA,NA,Not tested or unresolved,FALSE
ASV_948,13.13310330138346,-0.3794645897013871,3.099832882573649,-0.12241453138800665,0.902570730678971,NA,Bacteria,Planctomycetota,Planctomycetes,NA,Unclassified family,NA,NA,Not tested or unresolved,FALSE
ASV_1206,10.988577283933793,0.3740410280043592,3.0445112148025273,0.12285749718567555,0.9022199429063466,NA,Bacteria,Unclassified phylum,NA,NA,Unclassified family,NA,NA,Not tested or unresolved,FALSE
ASV_1009,13.287408238202197,0.36815864594195613,3.0440193587224176,0.12094490952793192,0.9037346705737241,NA,NA,Unclassified phylum,NA,NA,Unclassified family,NA,NA,Not tested or unresolved,FALSE
ASV_1105,16.572128393943846,-0.35710298836359616,3.0999345413664035,-0.11519694483812895,0.9082890202228234,NA,Bacteria,Pseudomonadota,Gammaproteobacteria_2,Pseudomonadales_2,Unclassified family,NA,NA,Not tested or unresolved,FALSE
ASV_1111,11.578780227063323,-0.35680043617825874,2.9030416858245047,-0.12290572261518264,0.902181753996042,NA,Bacteria,Pseudomonadota,Alphaproteobacteria_2,NA,Unclassified family,NA,NA,Not tested or unresolved,FALSE
ASV_678,16.171347669431924,0.3558730462222642,3.043292095314176,0.11693686806146861,0.906910082071719,NA,Bacteria,Verrucomicrobiota,Verrucomicrobiia,Verrucomicrobiales_2,DEV007_2,Incertae Sedis_1063,NA,Not tested or unresolved,FALSE
ASV_32,7.638080655756771,-0.35228484379248354,2.998180782508545,-0.11749953366645578,0.9064642135649609,NA,Bacteria,Pseudomonadota,Gammaproteobacteria_2,Burkholderiales_2,Methylophilaceae_2,OM43 clade_2,NA,Not tested or unresolved,FALSE
ASV_1821,4.846803414958668,-0.35191193997088943,3.100553078608943,-0.1134997308702014,0.9096343764380357,NA,Bacteria,Pseudomonadota,Alphaproteobacteria_2,NA,Unclassified family,NA,NA,Not tested or unresolved,FALSE
ASV_1285,8.45857977201057,-0.3516804808983974,3.100086158407837,-0.11344216351684101,0.9096800137873131,NA,Bacteria,Planctomycetota,Planctomycetes,Pirellulales,Pirellulaceae,Mariniblastus,NA,Not tested or unresolved,FALSE
ASV_2245,3.930712122863463,0.3362078678860617,3.0522315970901164,0.1101514931588382,0.9122892309447048,NA,NA,Unclassified phylum,NA,NA,Unclassified family,NA,NA,Not tested or unresolved,FALSE
ASV_2255,3.508284837108873,0.3333273544174403,3.049320534767271,0.10931200922204146,0.9129550216945955,NA,NA,Unclassified phylum,NA,NA,Unclassified family,NA,NA,Not tested or unresolved,FALSE
ASV_1318,7.666768912594888,-0.33090581484780734,3.1001164523144085,-0.10673980153254174,0.9149954059081262,NA,Bacteria,Verrucomicrobiota,Lentisphaeria,Victivallales,Arctic95B-14,Incertae Sedis_1037,NA,Not tested or unresolved,FALSE
ASV_1925,4.412751583621678,-0.33018184698639674,3.100665929832341,-0.10648739801654489,0.9151956534830696,NA,Bacteria,Planctomycetota,Planctomycetes,Pirellulales,Pirellulaceae,NA,NA,Not tested or unresolved,FALSE
ASV_2924,1.9312237577474463,-0.32538312220455873,3.1023196146835867,-0.10488381682676669,0.9164680004358188,NA,NA,Unclassified phylum,NA,NA,Unclassified family,NA,NA,Not tested or unresolved,FALSE
ASV_2354,3.0899580123959143,-0.3253514409951947,3.1012178620751447,-0.10491086259173339,0.9164465394354576,NA,NA,Unclassified phylum,NA,NA,Unclassified family,NA,NA,Not tested or unresolved,FALSE
ASV_1724,5.243367205115554,-0.3212550757010014,3.100460008670894,-0.10361529411847409,0.9174746500446587,NA,Bacteria,Unclassified phylum,NA,NA,Unclassified family,NA,NA,Not tested or unresolved,FALSE
ASV_1139,9.883399961260736,-0.3152472246836414,3.0999805865288463,-0.10169328996883636,0.919000128363813,NA,Bacteria,Actinomycetota,Acidimicrobiia_2,Microtrichales_2,Unclassified family,NA,NA,Not tested or unresolved,FALSE
ASV_1130,9.608311708949731,-0.31422929465695854,3.09996464066434,-0.10136544479733724,0.9192603662073078,NA,Bacteria,Pseudomonadota,Gammaproteobacteria_2,NA,Unclassified family,NA,NA,Not tested or unresolved,FALSE
ASV_1000,15.530747121833942,0.31213542890664236,3.0454843056766507,0.10249122884161165,0.9183667745583554,NA,Bacteria,Verrucomicrobiota,Verrucomicrobiia,Pedosphaerales_2,Pedosphaeraceae_2,NA,NA,Not tested or unresolved,FALSE
ASV_1088,10.052682578894117,-0.3104729433245275,3.0999381578301386,-0.10015456035479399,0.920221620141553,NA,NA,Unclassified phylum,NA,NA,Unclassified family,NA,NA,Not tested or unresolved,FALSE
ASV_2227,4.980059322428812,0.3099504594322677,3.0529187628343006,0.10152594402627099,0.919132963604868,NA,Bacteria,Planctomycetota,BD7-11,Incertae Sedis_132,Incertae sedis (Planctomycetota),Incertae Sedis_708,NA,Not tested or unresolved,FALSE
ASV_1319,7.5711547530198855,-0.30279108467127136,3.1001239341695395,-0.09767063869089575,0.9221938309847493,NA,Bacteria,Unclassified phylum,NA,NA,Unclassified family,NA,NA,Not tested or unresolved,FALSE
ASV_2144,3.650581119130096,-0.29042190899024517,3.100930427682658,-0.09365637693693084,0.925382124059209,NA,Bacteria,Planctomycetota,NA,NA,Unclassified family,NA,NA,Not tested or unresolved,FALSE
ASV_1822,4.703382175596166,-0.28461288070155727,3.100581478067657,-0.09179338866428809,0.9268621969672638,NA,Bacteria,Pseudomonadota,Alphaproteobacteria_2,AT-s3-44_2,Incertae sedis (Pseudomonadota),Incertae Sedis_756,NA,Not tested or unresolved,FALSE
ASV_898,12.302360136632942,0.2745607533428633,3.043948881659695,0.09019887127446131,0.9281291812650018,NA,NA,Unclassified phylum,NA,NA,Unclassified family,NA,NA,Not tested or unresolved,FALSE
ASV_1577,5.90820603110814,-0.26991759134567095,3.1003882097523645,-0.0870592884131855,0.9306243856092319,NA,Bacteria,Planctomycetota,OM190,Incertae Sedis_134,Incertae sedis (Planctomycetota),Incertae Sedis_714,NA,Not tested or unresolved,FALSE
ASV_740,12.936399070706802,0.26647786085977654,3.099896753657006,0.0859634633138693,0.9314954617254355,NA,Bacteria,Pseudomonadota,Gammaproteobacteria_2,Pseudomonadales_2,Alcanivoracaceae_2,Ketobacter_2,NA,Not tested or unresolved,FALSE
ASV_1010,13.541187980046294,-0.26508849721671945,2.99203526169094,-0.08859805250654214,0.9294013558746648,NA,NA,Unclassified phylum,NA,NA,Unclassified family,NA,NA,Not tested or unresolved,FALSE
ASV_2321,4.331222579706015,-0.26469828823329095,3.0508223154462595,-0.0867629317161895,0.9308599526764594,NA,Bacteria,Bdellovibrionota,Bacteriovoracia,Bacteriovoracales,Bacteriovoracaceae,NA,NA,Not tested or unresolved,FALSE
ASV_1569,9.295323508702024,0.26083518880034723,3.045091602486065,0.08565758369547798,0.9317386214526665,NA,NA,Unclassified phylum,NA,NA,Unclassified family,NA,NA,Not tested or unresolved,FALSE
ASV_1766,4.877760530780858,-0.2601733108695998,3.1005369139506223,-0.0839123410203473,0.9331261274530964,NA,NA,Unclassified phylum,NA,NA,Unclassified family,NA,NA,Not tested or unresolved,FALSE
ASV_2967,2.5303582106052414,-0.25886222605023823,3.053021700733965,-0.08478885885023556,0.9324292509928871,NA,Bacteria,Pseudomonadota,Gammaproteobacteria_2,NA,Unclassified family,NA,NA,Not tested or unresolved,FALSE
ASV_1705,7.290129001349779,-0.25609686002175125,3.0472786201523916,-0.08404116982547007,0.9330236987445852,NA,NA,Unclassified phylum,NA,NA,Unclassified family,NA,NA,Not tested or unresolved,FALSE
ASV_2353,4.220473963214688,-0.2557261226405096,3.0490485563016336,-0.08387079376351242,0.9331591609217139,NA,NA,Unclassified phylum,NA,NA,Unclassified family,NA,NA,Not tested or unresolved,FALSE
ASV_1366,6.482343143710607,-0.25476231780908914,3.100516667535561,-0.08216769820224396,0.9345133596612993,NA,NA,Unclassified phylum,NA,NA,Unclassified family,NA,NA,Not tested or unresolved,FALSE
ASV_3015,2.4232211578456107,-0.25460229800116396,3.053008701956937,-0.08339389856241397,0.933538339856016,NA,NA,Unclassified phylum,NA,NA,Unclassified family,NA,NA,Not tested or unresolved,FALSE
ASV_1347,7.394762384352994,-0.2530656252360442,3.1001832672096725,-0.08162924686185295,0.9349415432660158,NA,NA,Unclassified phylum,NA,NA,Unclassified family,NA,NA,Not tested or unresolved,FALSE
ASV_990,8.97663319022753,-0.2508946679658761,3.0456863170245736,-0.0823770545782873,0.9343468818188861,NA,Bacteria,Planctomycetota,Planctomycetes,Pirellulales,Pirellulaceae,Bremerella,NA,Not tested or unresolved,FALSE
ASV_1474,7.132614160321905,-0.2508720233029483,3.1004121030208256,-0.08091570248307187,0.9355089921383001,NA,NA,Unclassified phylum,NA,NA,Unclassified family,NA,NA,Not tested or unresolved,FALSE
ASV_1464,8.975429335650297,-0.2503413899628626,3.045563160154159,-0.08219871885703757,0.9344886922035802,NA,NA,Unclassified phylum,NA,NA,Unclassified family,NA,NA,Not tested or unresolved,FALSE
ASV_1723,7.1601187116227365,-0.2502446542755929,3.0453247867417117,-0.08217338766790043,0.9345088354241246,NA,Bacteria,Unclassified phylum,NA,NA,Unclassified family,NA,NA,Not tested or unresolved,FALSE
ASV_2789,2.948071730448674,-0.2496521182157951,3.050830205038865,-0.08183087928114137,0.934781200297023,NA,NA,Unclassified phylum,NA,NA,Unclassified family,NA,NA,Not tested or unresolved,FALSE
ASV_1129,13.189884025978824,-0.24507630074367234,3.043918007573961,-0.08051343700252986,0.935828909746985,NA,Bacteria,Bacteroidota,Bacteroidia,Cytophagales,Cyclobacteriaceae,Ekhidna,NA,Not tested or unresolved,FALSE
ASV_1397,6.412567051459786,-0.24460541699748758,3.0461050224080903,-0.08030104517017454,0.9359978269746537,NA,NA,Unclassified phylum,NA,NA,Unclassified family,NA,NA,Not tested or unresolved,FALSE
ASV_1301,11.033728442703543,-0.24285919925380695,3.0442598773973137,-0.07977610619151185,0.9364153282395034,NA,NA,Unclassified phylum,NA,NA,Unclassified family,NA,NA,Not tested or unresolved,FALSE
ASV_1371,9.877062372470897,-0.24242333623228154,3.044653442922881,-0.07962263711680567,0.9365373905590756,NA,Bacteria,Bacteroidota,Bacteroidia,Cytophagales,Cyclobacteriaceae,Reichenbachiella,NA,Not tested or unresolved,FALSE
ASV_2479,3.78349877013554,-0.24063179484716893,3.0495632227592044,-0.07890697036589013,0.937106618981255,NA,Bacteria,Thermodesulfobacteriota,Desulfuromonadia_2,Bradymonadales_2,Incertae sedis (Thermodesulfobacteriota),Incertae Sedis_1008,NA,Not tested or unresolved,FALSE
ASV_1804,5.849744473060254,-0.2338099911584423,3.0462899993057624,-0.07675237459720732,0.9388205384827133,NA,Bacteria,Bacteroidota,Bacteroidia,Flavobacteriales,Crocinitomicaceae,Crocinitomix,NA,Not tested or unresolved,FALSE
ASV_2303,3.1105960896107074,-0.23039849066464613,3.101196521208479,-0.07429341839157749,0.9407769139231451,NA,NA,Unclassified phylum,NA,NA,Unclassified family,NA,NA,Not tested or unresolved,FALSE
ASV_667,9.644474576817068,-0.22639727919994893,3.0479210279438993,-0.07427924710788013,0.9407881898158735,NA,NA,Unclassified phylum,NA,NA,Unclassified family,NA,NA,Not tested or unresolved,FALSE
ASV_1311,8.89624745845105,-0.22316000792644197,2.995812061525819,-0.07449065673792057,0.9406199753561961,NA,Bacteria,Myxococcota,NA,NA,Unclassified family,NA,NA,Not tested or unresolved,FALSE
ASV_2035,3.8352785129221845,-0.2208239777206721,3.100852455313726,-0.07121395838820407,0.9432274724354087,NA,Bacteria,Planctomycetota,Planctomycetes,Planctomycetales,Unclassified family,NA,NA,Not tested or unresolved,FALSE
ASV_1011,14.640519226525004,0.21558920699216444,2.99361653121809,0.07201630694644852,0.9425889304805508,NA,Bacteria,Nitrospinota,Nitrospinia,Nitrospinales,Nitrospinaceae,Incertae Sedis_626,NA,Not tested or unresolved,FALSE
ASV_1882,4.3377755012614685,-0.21348744894945632,3.100681248549974,-0.06885178831242109,0.945107594747782,NA,Bacteria,Bacteroidota,Bacteroidia,Chitinophagales,Saprospiraceae,NA,NA,Not tested or unresolved,FALSE
ASV_909,10.519782128335391,0.19491861698316226,3.0999629830809887,0.06287772403960666,0.9498638733783968,NA,Bacteria,Planctomycetota,Planctomycetes,Pirellulales,Pirellulaceae,Incertae Sedis_742,NA,Not tested or unresolved,FALSE
ASV_1512,5.903392584674219,-0.19317122864974878,3.100334523515663,-0.06230657601125567,0.9503186917542448,NA,Bacteria,Unclassified phylum,NA,NA,Unclassified family,NA,NA,Not tested or unresolved,FALSE
ASV_2480,2.6184181398788193,-0.18887999048538084,3.101539815016783,-0.06089877988052163,0.9514398211584902,NA,NA,Unclassified phylum,NA,NA,Unclassified family,NA,NA,Not tested or unresolved,FALSE
ASV_1578,7.307356982069194,0.188194111916156,3.045459943949692,0.06179497198445661,0.9507261076122263,NA,NA,Unclassified phylum,NA,NA,Unclassified family,NA,NA,Not tested or unresolved,FALSE
ASV_1104,9.304619266259413,-0.1870118742583139,3.0999822357781945,-0.06032675674716179,0.9518953919472003,NA,Bacteria,Pseudomonadota,Alphaproteobacteria_2,NA,Unclassified family,NA,NA,Not tested or unresolved,FALSE
ASV_1698,7.661993529770662,-0.17604938708945583,3.0452348405154464,-0.05781143206008281,0.9538988319433828,NA,Bacteria,Bacteroidota,Bacteroidia,Cytophagales,Cyclobacteriaceae,Ekhidna,NA,Not tested or unresolved,FALSE
ASV_2055,5.533403356663857,-0.17496154879756673,3.047096208214845,-0.05741910883085268,0.9542113414674276,NA,Bacteria,Actinomycetota,Acidimicrobiia_2,Actinomarinales_2,Incertae sedis (Actinomycetota),Incertae Sedis_120,NA,Not tested or unresolved,FALSE
ASV_1039,11.105433229297875,-0.162664346902434,2.9243645810766807,-0.05562382609713625,0.955641483405451,NA,NA,Unclassified phylum,NA,NA,Unclassified family,NA,NA,Not tested or unresolved,FALSE
ASV_841,16.571766807917424,0.1619752268157953,2.9413287489299593,0.05506872595411889,0.9560837113959766,NA,NA,Unclassified phylum,NA,NA,Unclassified family,NA,NA,Not tested or unresolved,FALSE
ASV_1485,9.138573880569522,0.14664651113811222,2.9462508607725404,0.049773939174907814,0.9603025344597649,NA,NA,Unclassified phylum,NA,NA,Unclassified family,NA,NA,Not tested or unresolved,FALSE
ASV_962,15.232201499021286,0.13211561376006262,3.0433963750214503,0.04341058392669323,0.9653742409023296,NA,Bacteria,Planctomycetota,Planctomycetes,Pirellulales,Pirellulaceae,NA,NA,Not tested or unresolved,FALSE
ASV_800,13.772754156167554,-0.1187136319488486,3.0997856901713154,-0.03829736756488081,0.9694505896271786,NA,NA,Unclassified phylum,NA,NA,Unclassified family,NA,NA,Not tested or unresolved,FALSE
ASV_1087,14.265488225746727,0.11815637480179009,2.943279882833213,0.040144457715673404,0.9679779582180443,NA,Bacteria,Planctomycetota,Planctomycetes,Planctomycetales,Unclassified family,NA,NA,Not tested or unresolved,FALSE
ASV_2403,4.257312141576994,-0.11474070113811677,3.1011213717172543,-0.03699974537745319,0.9704852087621355,NA,NA,Unclassified phylum,NA,NA,Unclassified family,NA,NA,Not tested or unresolved,FALSE
ASV_1242,7.867379122873257,-0.11265219027378184,3.100139711935836,-0.03633777853303194,0.9710130269064842,NA,NA,Unclassified phylum,NA,NA,Unclassified family,NA,NA,Not tested or unresolved,FALSE
ASV_239,3.920267845832727,-0.10144322711046506,3.047323657530261,-0.033289285455382484,0.9734438979936993,NA,Bacteria,Bacteroidota,Bacteroidia,Flavobacteriales,Flavobacteriaceae,NA,NA,Not tested or unresolved,FALSE
ASV_858,15.969673981931717,0.10010799076947778,3.043541983704932,0.032891936863514326,0.9737607627691756,NA,NA,Unclassified phylum,NA,NA,Unclassified family,NA,NA,Not tested or unresolved,FALSE
ASV_1875,4.97428335095326,-0.10008741715775216,3.046134791261891,-0.03285718591470799,0.9737884750358202,NA,NA,Unclassified phylum,NA,NA,Unclassified family,NA,NA,Not tested or unresolved,FALSE
ASV_1718,5.7350864727618465,-0.09920219881732313,3.0455160998159134,-0.03257319796251263,0.9740149434124215,NA,Bacteria,Bacteroidota,Bacteroidia,Chitinophagales,Unclassified family,NA,NA,Not tested or unresolved,FALSE
ASV_1923,4.233648026528468,-0.09893835129890874,3.046742622814492,-0.0324734851437869,0.9740944606644485,NA,NA,Unclassified phylum,NA,NA,Unclassified family,NA,NA,Not tested or unresolved,FALSE
ASV_1091,9.576573869499997,-0.0967758516331878,3.04387916277037,-0.03179359181430441,0.9746366570460125,NA,Bacteria,Pseudomonadota,Gammaproteobacteria_2,NA,Unclassified family,NA,NA,Not tested or unresolved,FALSE
ASV_1045,10.770185232533443,0.0963565784468612,2.9989901933135896,0.03212967440230161,0.9743686388705695,NA,NA,Unclassified phylum,NA,NA,Unclassified family,NA,NA,Not tested or unresolved,FALSE
ASV_780,13.328183048155953,-0.0949497400189892,3.043361099369105,-0.031198972753733522,0.9751108591406918,NA,Bacteria,Pseudomonadota,Gammaproteobacteria_2,NA,Unclassified family,NA,NA,Not tested or unresolved,FALSE
ASV_911,11.497471310823201,0.09479777373106325,2.993929740610669,0.03166332611122913,0.9747405417359583,NA,Bacteria,Bacteroidota,Bacteroidia,Flavobacteriales,Schleiferiaceae,Incertae Sedis_347,NA,Not tested or unresolved,FALSE
ASV_771,13.189165836490814,-0.09464149030249103,3.0435160833278925,-0.031096103227753125,0.975192897342094,NA,NA,Unclassified phylum,NA,NA,Unclassified family,NA,NA,Not tested or unresolved,FALSE
ASV_1061,9.627041122906439,-0.09215145034468555,3.1000007626785173,-0.029726266991322685,0.9762853631456394,NA,NA,Unclassified phylum,NA,NA,Unclassified family,NA,NA,Not tested or unresolved,FALSE
ASV_1102,8.316279079270108,0.09158261453247157,3.100132567769522,0.029541515574078588,0.9764327087375737,NA,Bacteria,Thermodesulfobacteriota,Desulfuromonadia_2,Bradymonadales_2,Incertae sedis (Thermodesulfobacteriota),Incertae Sedis_1008,NA,Not tested or unresolved,FALSE
ASV_987,9.492629837730503,-0.08883844637523025,3.0457269510483287,-0.029168224139282203,0.976730423908883,NA,NA,Unclassified phylum,NA,NA,Unclassified family,NA,NA,Not tested or unresolved,FALSE
ASV_785,11.813034679108535,-0.08548599185259564,3.046058373709798,-0.028064462779313765,0.977610737496096,NA,NA,Unclassified phylum,NA,NA,Unclassified family,NA,NA,Not tested or unresolved,FALSE
ASV_2247,3.0356200072504977,-0.06194848524080793,3.1012679844104976,-0.019975211930156164,0.984063146634108,NA,NA,Unclassified phylum,NA,NA,Unclassified family,NA,NA,Not tested or unresolved,FALSE
ASV_1175,12.06004827691771,0.052550765751113886,3.0438293975231043,0.01726468828833729,0.98622545606621,NA,Bacteria,Pseudomonadota,Gammaproteobacteria_2,Gammaproteobacteria Incertae Sedis_2,Unknown Family_7,Incertae Sedis_907,NA,Not tested or unresolved,FALSE
ASV_1541,7.184136665133251,0.04448791976470587,3.048795198983784,0.014591967272690033,0.9883577077596793,NA,NA,Unclassified phylum,NA,NA,Unclassified family,NA,NA,Not tested or unresolved,FALSE
ASV_1077,9.175305178753788,-0.04202083027150502,3.100001585267467,-0.013555099607434387,0.9891849264990057,NA,NA,Unclassified phylum,NA,NA,Unclassified family,NA,NA,Not tested or unresolved,FALSE
ASV_1116,8.375646673082102,0.03579829589209115,3.100074519066014,0.011547559799587144,0.9907865850836317,NA,Bacteria,Acidobacteriota,Acidobacteriae,PAUC26f,Incertae sedis (Acidobacteriota),Incertae Sedis_83,NA,Not tested or unresolved,FALSE
ASV_1927,3.8868737059591667,-0.03213068278966225,3.100861948483845,-0.010361855291678636,0.9917325835844839,NA,Bacteria,Unclassified phylum,NA,NA,Unclassified family,NA,NA,Not tested or unresolved,FALSE
ASV_1421,10.57365907546591,-0.021774418691711386,2.9982856082900087,-0.007262289700323058,0.9942055821058351,NA,Bacteria,Unclassified phylum,NA,NA,Unclassified family,NA,NA,Not tested or unresolved,FALSE
ASV_735,15.193008033299744,-0.020779576438469012,2.945983873347029,-0.007053526879921665,0.9943721464697292,NA,Bacteria,Pseudomonadota,Alphaproteobacteria_2,NA,Unclassified family,NA,NA,Not tested or unresolved,FALSE
ASV_1467,5.705633340166299,0.009287460745719402,3.1003967546318774,0.0029955716899278395,0.9976098831724278,NA,Bacteria,Planctomycetota,Planctomycetes,Pirellulales,Pirellulaceae,Pir4 lineage,NA,Not tested or unresolved,FALSE
